-- phpMyAdmin SQL Dump
-- version 5.2.1
-- https://www.phpmyadmin.net/
--
-- Host: 127.0.0.1
-- Generation Time: Dec 17, 2024 at 09:20 AM
-- Server version: 10.4.32-MariaDB
-- PHP Version: 8.0.30

SET SQL_MODE = "NO_AUTO_VALUE_ON_ZERO";
START TRANSACTION;
SET time_zone = "+00:00";


/*!40101 SET @OLD_CHARACTER_SET_CLIENT=@@CHARACTER_SET_CLIENT */;
/*!40101 SET @OLD_CHARACTER_SET_RESULTS=@@CHARACTER_SET_RESULTS */;
/*!40101 SET @OLD_COLLATION_CONNECTION=@@COLLATION_CONNECTION */;
/*!40101 SET NAMES utf8mb4 */;

--
-- Database: `timorapp`
--

-- --------------------------------------------------------

--
-- Table structure for table `auth_group`
--

CREATE TABLE `auth_group` (
  `id` int(11) NOT NULL,
  `name` varchar(150) NOT NULL
) ENGINE=InnoDB DEFAULT CHARSET=utf8mb4 COLLATE=utf8mb4_general_ci;

--
-- Dumping data for table `auth_group`
--

INSERT INTO `auth_group` (`id`, `name`) VALUES
(4, 'Administrator'),
(3, 'Parents');

-- --------------------------------------------------------

--
-- Table structure for table `auth_group_permissions`
--

CREATE TABLE `auth_group_permissions` (
  `id` bigint(20) NOT NULL,
  `group_id` int(11) NOT NULL,
  `permission_id` int(11) NOT NULL
) ENGINE=InnoDB DEFAULT CHARSET=utf8mb4 COLLATE=utf8mb4_general_ci;

-- --------------------------------------------------------

--
-- Table structure for table `auth_permission`
--

CREATE TABLE `auth_permission` (
  `id` int(11) NOT NULL,
  `name` varchar(255) NOT NULL,
  `content_type_id` int(11) NOT NULL,
  `codename` varchar(100) NOT NULL
) ENGINE=InnoDB DEFAULT CHARSET=utf8mb4 COLLATE=utf8mb4_general_ci;

--
-- Dumping data for table `auth_permission`
--

INSERT INTO `auth_permission` (`id`, `name`, `content_type_id`, `codename`) VALUES
(1, 'Can add log entry', 1, 'add_logentry'),
(2, 'Can change log entry', 1, 'change_logentry'),
(3, 'Can delete log entry', 1, 'delete_logentry'),
(4, 'Can view log entry', 1, 'view_logentry'),
(5, 'Can add permission', 2, 'add_permission'),
(6, 'Can change permission', 2, 'change_permission'),
(7, 'Can delete permission', 2, 'delete_permission'),
(8, 'Can view permission', 2, 'view_permission'),
(9, 'Can add group', 3, 'add_group'),
(10, 'Can change group', 3, 'change_group'),
(11, 'Can delete group', 3, 'delete_group'),
(12, 'Can view group', 3, 'view_group'),
(13, 'Can add user', 4, 'add_user'),
(14, 'Can change user', 4, 'change_user'),
(15, 'Can delete user', 4, 'delete_user'),
(16, 'Can view user', 4, 'view_user'),
(17, 'Can add content type', 5, 'add_contenttype'),
(18, 'Can change content type', 5, 'change_contenttype'),
(19, 'Can delete content type', 5, 'delete_contenttype'),
(20, 'Can view content type', 5, 'view_contenttype'),
(21, 'Can add session', 6, 'add_session'),
(22, 'Can change session', 6, 'change_session'),
(23, 'Can delete session', 6, 'delete_session'),
(24, 'Can view session', 6, 'view_session'),
(25, 'Can add municipality', 7, 'add_municipality'),
(26, 'Can change municipality', 7, 'change_municipality'),
(27, 'Can delete municipality', 7, 'delete_municipality'),
(28, 'Can view municipality', 7, 'view_municipality'),
(29, 'Can add administrative post', 8, 'add_administrativepost'),
(30, 'Can change administrative post', 8, 'change_administrativepost'),
(31, 'Can delete administrative post', 8, 'delete_administrativepost'),
(32, 'Can view administrative post', 8, 'view_administrativepost'),
(33, 'Can add parent', 9, 'add_parent'),
(34, 'Can change parent', 9, 'change_parent'),
(35, 'Can delete parent', 9, 'delete_parent'),
(36, 'Can view parent', 9, 'view_parent'),
(37, 'Can add parentcode', 10, 'add_parentcode'),
(38, 'Can change parentcode', 10, 'change_parentcode'),
(39, 'Can delete parentcode', 10, 'delete_parentcode'),
(40, 'Can view parentcode', 10, 'view_parentcode'),
(41, 'Can add student', 11, 'add_student'),
(42, 'Can change student', 11, 'change_student'),
(43, 'Can delete student', 11, 'delete_student'),
(44, 'Can view student', 11, 'view_student'),
(45, 'Can add student activity log', 12, 'add_studentactivitylog'),
(46, 'Can change student activity log', 12, 'change_studentactivitylog'),
(47, 'Can delete student activity log', 12, 'delete_studentactivitylog'),
(48, 'Can view student activity log', 12, 'view_studentactivitylog'),
(49, 'Can add student code', 13, 'add_studentcode'),
(50, 'Can change student code', 13, 'change_studentcode'),
(51, 'Can delete student code', 13, 'delete_studentcode'),
(52, 'Can view student code', 13, 'view_studentcode'),
(53, 'Can add suco', 14, 'add_suco'),
(54, 'Can change suco', 14, 'change_suco'),
(55, 'Can delete suco', 14, 'delete_suco'),
(56, 'Can view suco', 14, 'view_suco'),
(57, 'Can add village', 15, 'add_village'),
(58, 'Can change village', 15, 'change_village'),
(59, 'Can delete village', 15, 'delete_village'),
(60, 'Can view village', 15, 'view_village');

-- --------------------------------------------------------

--
-- Table structure for table `auth_user`
--

CREATE TABLE `auth_user` (
  `id` int(11) NOT NULL,
  `password` varchar(128) NOT NULL,
  `last_login` datetime(6) DEFAULT NULL,
  `is_superuser` tinyint(1) NOT NULL,
  `username` varchar(150) NOT NULL,
  `first_name` varchar(150) NOT NULL,
  `last_name` varchar(150) NOT NULL,
  `email` varchar(254) NOT NULL,
  `is_staff` tinyint(1) NOT NULL,
  `is_active` tinyint(1) NOT NULL,
  `date_joined` datetime(6) NOT NULL
) ENGINE=InnoDB DEFAULT CHARSET=utf8mb4 COLLATE=utf8mb4_general_ci;

--
-- Dumping data for table `auth_user`
--

INSERT INTO `auth_user` (`id`, `password`, `last_login`, `is_superuser`, `username`, `first_name`, `last_name`, `email`, `is_staff`, `is_active`, `date_joined`) VALUES
(44, 'pbkdf2_sha256$720000$94NxFs584Umhu8qTYWNlDz$sgdWURpNJn0v1Gq5eT3SYUdD0/rdQU/e6toUtQLuhrw=', '2024-12-17 07:30:04.419916', 0, '+67077121173', 'Januario', 'Costa', 'jcosta@ibi-worldwide.com', 0, 1, '2024-12-16 06:36:50.715251'),
(45, 'pbkdf2_sha256$720000$N9E7p5wIdZkDn5aWcNGaIQ$3qEMFNg5DtOvwb9te0MS+XI32x43hJQGI02Pb8X95Kw=', '2024-12-17 07:17:45.405436', 0, '+821099728401', 'Januario', 'Costa', 'jcosta@ibi-worldwide.com', 0, 1, '2024-12-16 07:10:20.069288'),
(46, 'pbkdf2_sha256$720000$PLadF3JYIGDIuHQyesCepl$y03mfmh7uOefDRcBD7wc7LaVDP6Tw3wfjvb8ngtbCNE=', NULL, 0, '+61421133796', 'Mark', 'Lamount', '', 0, 1, '2024-12-16 07:41:27.539599'),
(47, 'pbkdf2_sha256$720000$Y5Y0pArViQLSK0tBFo7yYQ$vJUwjcGWMCfXQWFWDoqTA7O5NcJ/PElHFed3dxp5Pmw=', NULL, 0, '+67077707438', 'Esterlita', 'Moniz', '', 0, 1, '2024-12-16 07:42:56.652182'),
(48, 'pbkdf2_sha256$720000$53lYnt2Ig6C9xZPtGmo1Nm$RJoCXOTzBpxCP6zMaqttOLLB0Rk9Klb8yiEJ7w9vHqo=', '2024-12-16 08:19:22.255410', 0, '+67078330640', 'Jeferson', 'Moniz', '', 0, 1, '2024-12-16 08:18:07.002120'),
(49, 'pbkdf2_sha256$720000$zlEHl29Do0zPwXEo7qcStW$X9MMsa/nu5/zXPli3GvHlwMi2oT0eqqfNyZzXA/h7Uc=', NULL, 0, '+67077730452', 'Januario', 'Costa', 'nep_tl@outlook.com', 0, 1, '2024-12-16 08:25:40.532784'),
(50, 'pbkdf2_sha256$720000$NnzKSRNlXfzcMo74BLXB4B$imN6e9dAsvwfamc2SkRyk0yqQ5pgqtjBDwzFQLcLrZg=', '2024-12-17 07:29:46.240757', 1, '+67077121170', 'Admin', '', '', 1, 1, '2024-12-17 05:36:35.000000');

-- --------------------------------------------------------

--
-- Table structure for table `auth_user_groups`
--

CREATE TABLE `auth_user_groups` (
  `id` bigint(20) NOT NULL,
  `user_id` int(11) NOT NULL,
  `group_id` int(11) NOT NULL
) ENGINE=InnoDB DEFAULT CHARSET=utf8mb4 COLLATE=utf8mb4_general_ci;

--
-- Dumping data for table `auth_user_groups`
--

INSERT INTO `auth_user_groups` (`id`, `user_id`, `group_id`) VALUES
(1, 41, 1),
(2, 42, 1),
(3, 43, 2),
(4, 44, 3),
(5, 45, 3),
(6, 46, 3),
(7, 47, 3),
(8, 48, 3),
(9, 49, 3),
(10, 50, 4);

-- --------------------------------------------------------

--
-- Table structure for table `auth_user_user_permissions`
--

CREATE TABLE `auth_user_user_permissions` (
  `id` bigint(20) NOT NULL,
  `user_id` int(11) NOT NULL,
  `permission_id` int(11) NOT NULL
) ENGINE=InnoDB DEFAULT CHARSET=utf8mb4 COLLATE=utf8mb4_general_ci;

-- --------------------------------------------------------

--
-- Table structure for table `django_admin_log`
--

CREATE TABLE `django_admin_log` (
  `id` int(11) NOT NULL,
  `action_time` datetime(6) NOT NULL,
  `object_id` longtext DEFAULT NULL,
  `object_repr` varchar(200) NOT NULL,
  `action_flag` smallint(5) UNSIGNED NOT NULL CHECK (`action_flag` >= 0),
  `change_message` longtext NOT NULL,
  `content_type_id` int(11) DEFAULT NULL,
  `user_id` int(11) NOT NULL
) ENGINE=InnoDB DEFAULT CHARSET=utf8mb4 COLLATE=utf8mb4_general_ci;

--
-- Dumping data for table `django_admin_log`
--

INSERT INTO `django_admin_log` (`id`, `action_time`, `object_id`, `object_repr`, `action_flag`, `change_message`, `content_type_id`, `user_id`) VALUES
(1, '2024-09-30 02:03:26.454917', '1', 'Lautem', 1, '[{\"added\": {}}]', 7, 1),
(2, '2024-09-30 02:03:27.611148', '1', 'Luro', 1, '[{\"added\": {}}]', 8, 1),
(3, '2024-09-30 02:03:28.700113', '1', 'Luro', 1, '[{\"added\": {}}]', 14, 1),
(4, '2024-09-30 02:03:30.850848', '1', 'Hailarin', 1, '[{\"added\": {}}]', 15, 1),
(5, '2024-12-17 05:37:08.085833', '4', 'Administrator', 1, '[{\"added\": {}}]', 3, 50),
(6, '2024-12-17 05:43:46.300119', '50', '+67077121170', 2, '[{\"changed\": {\"fields\": [\"First name\", \"Groups\"]}}]', 4, 50),
(7, '2024-12-17 05:44:06.594836', '50', '+67077121170', 2, '[]', 4, 50);

-- --------------------------------------------------------

--
-- Table structure for table `django_content_type`
--

CREATE TABLE `django_content_type` (
  `id` int(11) NOT NULL,
  `app_label` varchar(100) NOT NULL,
  `model` varchar(100) NOT NULL
) ENGINE=InnoDB DEFAULT CHARSET=utf8mb4 COLLATE=utf8mb4_general_ci;

--
-- Dumping data for table `django_content_type`
--

INSERT INTO `django_content_type` (`id`, `app_label`, `model`) VALUES
(1, 'admin', 'logentry'),
(3, 'auth', 'group'),
(2, 'auth', 'permission'),
(4, 'auth', 'user'),
(5, 'contenttypes', 'contenttype'),
(8, 'parentregistrationApp', 'administrativepost'),
(7, 'parentregistrationApp', 'municipality'),
(9, 'parentregistrationApp', 'parent'),
(10, 'parentregistrationApp', 'parentcode'),
(11, 'parentregistrationApp', 'student'),
(12, 'parentregistrationApp', 'studentactivitylog'),
(13, 'parentregistrationApp', 'studentcode'),
(14, 'parentregistrationApp', 'suco'),
(15, 'parentregistrationApp', 'village'),
(6, 'sessions', 'session');

-- --------------------------------------------------------

--
-- Table structure for table `django_migrations`
--

CREATE TABLE `django_migrations` (
  `id` bigint(20) NOT NULL,
  `app` varchar(255) NOT NULL,
  `name` varchar(255) NOT NULL,
  `applied` datetime(6) NOT NULL
) ENGINE=InnoDB DEFAULT CHARSET=utf8mb4 COLLATE=utf8mb4_general_ci;

--
-- Dumping data for table `django_migrations`
--

INSERT INTO `django_migrations` (`id`, `app`, `name`, `applied`) VALUES
(1, 'contenttypes', '0001_initial', '2024-09-30 01:59:26.269119'),
(2, 'auth', '0001_initial', '2024-09-30 01:59:26.799425'),
(3, 'admin', '0001_initial', '2024-09-30 01:59:26.930563'),
(4, 'admin', '0002_logentry_remove_auto_add', '2024-09-30 01:59:26.942583'),
(5, 'admin', '0003_logentry_add_action_flag_choices', '2024-09-30 01:59:26.959137'),
(6, 'contenttypes', '0002_remove_content_type_name', '2024-09-30 01:59:27.040083'),
(7, 'auth', '0002_alter_permission_name_max_length', '2024-09-30 01:59:27.105831'),
(8, 'auth', '0003_alter_user_email_max_length', '2024-09-30 01:59:27.128731'),
(9, 'auth', '0004_alter_user_username_opts', '2024-09-30 01:59:27.142721'),
(10, 'auth', '0005_alter_user_last_login_null', '2024-09-30 01:59:27.198868'),
(11, 'auth', '0006_require_contenttypes_0002', '2024-09-30 01:59:27.206857'),
(12, 'auth', '0007_alter_validators_add_error_messages', '2024-09-30 01:59:27.222865'),
(13, 'auth', '0008_alter_user_username_max_length', '2024-09-30 01:59:27.250882'),
(14, 'auth', '0009_alter_user_last_name_max_length', '2024-09-30 01:59:27.270867'),
(15, 'auth', '0010_alter_group_name_max_length', '2024-09-30 01:59:27.289918'),
(16, 'auth', '0011_update_proxy_permissions', '2024-09-30 01:59:27.303455'),
(17, 'auth', '0012_alter_user_first_name_max_length', '2024-09-30 01:59:27.319451'),
(18, 'parentregistrationApp', '0001_initial', '2024-09-30 01:59:28.184001'),
(19, 'sessions', '0001_initial', '2024-09-30 01:59:28.222038');

-- --------------------------------------------------------

--
-- Table structure for table `django_session`
--

CREATE TABLE `django_session` (
  `session_key` varchar(40) NOT NULL,
  `session_data` longtext NOT NULL,
  `expire_date` datetime(6) NOT NULL
) ENGINE=InnoDB DEFAULT CHARSET=utf8mb4 COLLATE=utf8mb4_general_ci;

--
-- Dumping data for table `django_session`
--

INSERT INTO `django_session` (`session_key`, `session_data`, `expire_date`) VALUES
('a3yv00ax2evka4md1c0fjrfmag7wd4l4', '.eJxVjMsOwiAQRf-FtSGUR5lx6d5vIANMpWogKe3K-O_apAvd3nPOfYlA21rC1nkJcxZnYa04_Y6R0oPrTvKd6q3J1Oq6zFHuijxol9eW-Xk53L-DQr18a_QaNDo_AahxMDFTImcHBmZAy4pQp4nYjR7QQfRkFLBBC5kyQ1Li_QH3bzgB:1tNQzo:cdJtM0AdIH-xlmpYNUMOCW1-C3y_ZB1FjiaYbhNMiv0', '2024-12-31 06:23:52.097328'),
('gl2z4cwur8hrfnjfwmd4d6wl7ioqar05', '.eJxVjEEOwiAQRe_C2hBgBDou3fcMZAYGWzVtUtqV8e7apAvd_vfef6lE2zqkrcmSxqIuCow6_Y5M-SHTTsqdptus8zyty8h6V_RBm-7nIs_r4f4dDNSGb51N11VryXqs0SJEV31wFWvlQkxCAizxzL50AMFFQgzOGwQMwuCien8ADRQ36w:1tLcy8:ZmXa8cRrtyVsCyghPntaN9h1cgaIVyOb54hJw7ttwJY', '2024-12-26 06:46:40.517586'),
('i94ba546e0ihz3b9g0el7z106cvrbwz9', '.eJxVjM0OgjAQhN-lZ9OU4i7Fo3efodmfYlEDCYWT8d0tCQe9TCbzzczbRNrWHLeSljiquRg0p9-MSZ5p2oE-aLrPVuZpXUa2e8UetNjbrOl1Pbp_B5lKruuOG3TQep98n6ADDIO2dHZBeKiekVEEeg-hKgRtpGVCASUVdIHM5wvV3zgT:1swbXD:HXV8g2UmIyD5td1MxH9jh0cdSzPMOFEGY-_A7Z19Soo', '2024-10-18 06:11:27.955050'),
('j5fxjhshcwwaeylzwcbfe0l4m8zg0mwy', '.eJxVjDsOwjAQBe_iGlnOxr-lpOcM1jpe4wCypTipEHeHSCmgfTPzXiLQtpawdV7CnMRZjOL0u0WaHlx3kO5Ub01Ora7LHOWuyIN2eW2Jn5fD_Tso1Mu3JgQPYBQpoghDBvbZOzRZe88JR8hJWWINyhrLjrMbJqe9MqgRyVnx_gDVPTcx:1syhJQ:WQPNOy2xYx61eGxIpYPXS65LOy_R_nV_jPe5oMdFuT8', '2024-10-24 00:45:52.831978'),
('kmwgf2gbehnfi3970o1nuay8xzv1nsiw', '.eJxVjDsOwjAQBe_iGlnOxr-lpOcM1jpe4wCypTipEHeHSCmgfTPzXiLQtpawdV7CnMRZjOL0u0WaHlx3kO5Ub01Ora7LHOWuyIN2eW2Jn5fD_Tso1Mu3JgQPYBQpoghDBvbZOzRZe88JR8hJWWINyhrLjrMbJqe9MqgRyVnx_gDVPTcx:1sz3cd:yxgTNEDU3JH9-FV3uSNEjEXlqUHfQiF_mi6lDZJqSDA', '2024-10-25 00:35:11.793409'),
('nmuvwrr07n0thidf6rngio9o5a4wgokb', '.eJxVjEEOwiAQAP_C2RAosC0evfsGAuyuVA0kpT0Z_25qetDrzGReIsRtLWHrtIQZxVnoUZx-YYr5QXU3eI_11mRudV3mJPdEHrbLa0N6Xo72b1BiL99vcuwZrMnKM0PicVDs1QQmqYnIekegCQgGBgeakVijyWRs1IhJvD8N3ziu:1synnd:I2e3-VVygI02vOHizcGU4OErC5Letn75HCFVmB2ZeQA', '2024-10-24 07:41:29.463433'),
('rm3c8wqjmkdbbw7pbvq6kwq021xdtgkq', '.eJxVjDsOwjAQBe_iGlnOxr-lpOcM1jpe4wCypTipEHeHSCmgfTPzXiLQtpawdV7CnMRZjOL0u0WaHlx3kO5Ub01Ora7LHOWuyIN2eW2Jn5fD_Tso1Mu3JgQPYBQpoghDBvbZOzRZe88JR8hJWWINyhrLjrMbJqe9MqgRyVnx_gDVPTcx:1syLpO:rSLr69rwIRs0veARsNOjJloWpLtm5ZcLrU6MVT8d8P4', '2024-10-23 01:49:26.588517'),
('zfwzetmv1kwwq7s6qyl2sn5kswl7os3f', '.eJxVjEsOwiAUAO_C2hDKk59L9z0DeTxAqgaS0q6Md1eSLnQ7M5kX87hvxe89rX6J7MIkO_2ygPRIdYh4x3prnFrd1iXwkfDDdj63mJ7Xo_0bFOxlbI1Q2mSpBZE2JIKMTpKYzOQ0kEaHCsCSik5JsmRQAmC0X30OGVxm7w-7_zcb:1sv5na:i0l_FEl1ygeZdTm3jhrXb2zPENlVMVCyzSgCLS9Z4B8', '2024-10-14 02:06:06.292376');

-- --------------------------------------------------------

--
-- Table structure for table `parentregistrationapp_administrativepost`
--

CREATE TABLE `parentregistrationapp_administrativepost` (
  `id` bigint(20) NOT NULL,
  `name` varchar(250) NOT NULL,
  `municipality_id` bigint(20) DEFAULT NULL
) ENGINE=InnoDB DEFAULT CHARSET=utf8mb4 COLLATE=utf8mb4_general_ci;

--
-- Dumping data for table `parentregistrationapp_administrativepost`
--

INSERT INTO `parentregistrationapp_administrativepost` (`id`, `name`, `municipality_id`) VALUES
(1, 'Luro', 1),
(2, 'Postu_Administrativu', 2),
(3, 'Aileu', 3),
(4, 'Laulara', 3),
(5, 'Liquidoe', 3),
(6, 'Remexio', 3),
(7, 'Alas', 4),
(8, 'Fatuberlio', 4),
(9, 'Same', 4),
(10, 'Turiscai', 4),
(11, 'Barique', 5),
(12, 'Laclo', 5),
(13, 'Laclúbar', 5),
(14, 'Laleia', 5),
(15, 'Manatuto', 5),
(16, 'Soibada', 5),
(17, 'Nitibe', 6),
(18, 'Oesilo', 6),
(19, 'Pante Macássar', 6),
(20, 'Lacluta', 7),
(21, 'Ossu', 7),
(22, 'Uato-Carbau', 7),
(23, 'Uato-Lári', 7),
(24, 'Viqueque', 7),
(25, 'Ainaro', 8),
(26, 'Hatu-Builico', 8),
(27, 'Hato-Udo', 8),
(28, 'Maubisse', 8),
(29, 'Baguia', 9),
(30, 'Baucau', 9),
(31, 'Laga', 9),
(32, 'Quelicai', 9),
(33, 'Vemasse', 9),
(34, 'Venilale', 9),
(35, 'Atabae', 10),
(36, 'Balibó', 10),
(37, 'Bobonaro', 10),
(38, 'Cailaco', 10),
(39, 'Lolotoe', 10),
(40, 'Maliana', 10),
(41, 'Fatululic', 11),
(42, 'Fatumean', 11),
(43, 'Fohorem', 11),
(44, 'Zumalai', 11),
(45, 'Suai', 11),
(46, 'Tilomar', 11),
(47, 'Maucatar', 11),
(48, 'XX-Atauro', 12),
(49, 'Cristo-Rei', 12),
(50, 'Dom Aleixo', 12),
(51, 'Metinaro', 12),
(52, 'Nain Feto', 12),
(53, 'Vera Cruz', 12),
(54, 'Atsabe', 13),
(55, 'Ermera', 13),
(56, 'XX-Hatulia', 13),
(57, 'Letefoho', 13),
(58, 'Railaco', 13),
(59, 'Bazartete', 14),
(60, 'Liquiça', 14),
(61, 'Maubara', 14),
(62, 'Iliomar', 1),
(63, 'Lautem', 1),
(64, 'Lospalos', 1),
(65, 'Tutuala', 1),
(66, 'Fora de Timor', 15),
(67, 'Passabe', 6),
(68, 'Hatulia A', 13),
(69, 'Hatulia B', 13),
(70, 'Lore', 1),
(71, '-', 8),
(72, 'Atauro', 16),
(73, '-', 6),
(74, '-', 9),
(75, '-', 1),
(76, '-', 3),
(77, '-', 10),
(78, '-', 14),
(79, '-', 5),
(80, '-', 11),
(81, '-', 4),
(82, '-', 7),
(83, '-', 17),
(84, '-', 12),
(85, '-', 13);

-- --------------------------------------------------------

--
-- Table structure for table `parentregistrationapp_municipality`
--

CREATE TABLE `parentregistrationapp_municipality` (
  `id` bigint(20) NOT NULL,
  `name` varchar(250) NOT NULL
) ENGINE=InnoDB DEFAULT CHARSET=utf8mb4 COLLATE=utf8mb4_general_ci;

--
-- Dumping data for table `parentregistrationapp_municipality`
--

INSERT INTO `parentregistrationapp_municipality` (`id`, `name`) VALUES
(1, 'Lautem'),
(2, 'Munisipiu'),
(3, 'Aileu'),
(4, 'Manufahi'),
(5, 'Manatuto'),
(6, 'Oecussi'),
(7, 'Viqueque'),
(8, 'Ainaro'),
(9, 'Baucau'),
(10, 'Bobonaro'),
(11, 'Cova Lima'),
(12, 'Dili'),
(13, 'Ermera'),
(14, 'Liquiça'),
(15, '_Fora de Timor'),
(16, 'Atauro'),
(17, '-');

-- --------------------------------------------------------

--
-- Table structure for table `parentregistrationapp_parent`
--

CREATE TABLE `parentregistrationapp_parent` (
  `id` bigint(20) NOT NULL,
  `first_name` varchar(250) NOT NULL,
  `last_name` varchar(250) NOT NULL,
  `full_name` varchar(250) DEFAULT NULL,
  `phone` varchar(15) NOT NULL,
  `email` varchar(254) DEFAULT NULL,
  `administrative_post_id` bigint(20) DEFAULT NULL,
  `municipality_id` bigint(20) DEFAULT NULL,
  `user_id` int(11) DEFAULT NULL,
  `suco_id` bigint(20) DEFAULT NULL,
  `village_id` bigint(20) DEFAULT NULL
) ENGINE=InnoDB DEFAULT CHARSET=utf8mb4 COLLATE=utf8mb4_general_ci;

--
-- Dumping data for table `parentregistrationapp_parent`
--

INSERT INTO `parentregistrationapp_parent` (`id`, `first_name`, `last_name`, `full_name`, `phone`, `email`, `administrative_post_id`, `municipality_id`, `user_id`, `suco_id`, `village_id`) VALUES
(44, 'Januario', 'Costa', 'Januario Costa', '+67077121173', 'jcosta@ibi-worldwide.com', 49, 12, 44, 307, 1370),
(45, 'Januario', 'Costa', 'Januario Costa', '+821099728401', 'jcosta@ibi-worldwide.com', 1, 1, 45, 1, 1),
(46, 'Mark', 'Lamount', 'Mark Lamount', '+61421133796', '', 1, 1, 46, 1, 1),
(47, 'Esterlita', 'Moniz', 'Esterlita Moniz', '+67077707438', '', 1, 1, 47, 1, 1),
(48, 'Jeferson', 'Moniz', 'Jeferson Moniz', '+67078330640', '', 1, 1, 48, 1, 1),
(49, 'Januario', 'Costa', 'Januario Costa', '+67077730452', 'nep_tl@outlook.com', 1, 1, 49, 1, 1),
(50, '', '', ' ', '+67077121170', '', NULL, NULL, 50, NULL, NULL);

-- --------------------------------------------------------

--
-- Table structure for table `parentregistrationapp_parentcode`
--

CREATE TABLE `parentregistrationapp_parentcode` (
  `id` bigint(20) NOT NULL,
  `code` varchar(250) NOT NULL,
  `phone` varchar(250) NOT NULL,
  `parent_id` bigint(20) NOT NULL
) ENGINE=InnoDB DEFAULT CHARSET=utf8mb4 COLLATE=utf8mb4_general_ci;

--
-- Dumping data for table `parentregistrationapp_parentcode`
--

INSERT INTO `parentregistrationapp_parentcode` (`id`, `code`, `phone`, `parent_id`) VALUES
(44, 'JACO1173', '67077121173', 44),
(45, 'JACO8401', '821099728401', 45),
(46, 'MALA3796', '61421133796', 46),
(47, 'ESMO7438', '67077707438', 47),
(48, 'JEMO0640', '67078330640', 48),
(49, 'JACO0452', '67077730452', 49),
(50, '1170', '67077121170', 50);

-- --------------------------------------------------------

--
-- Table structure for table `parentregistrationapp_student`
--

CREATE TABLE `parentregistrationapp_student` (
  `id` bigint(20) NOT NULL,
  `first_name` varchar(250) NOT NULL,
  `last_name` varchar(250) NOT NULL,
  `full_name` varchar(250) DEFAULT NULL,
  `year_birth` int(11) NOT NULL,
  `parent_id` bigint(20) NOT NULL
) ENGINE=InnoDB DEFAULT CHARSET=utf8mb4 COLLATE=utf8mb4_general_ci;

--
-- Dumping data for table `parentregistrationapp_student`
--

INSERT INTO `parentregistrationapp_student` (`id`, `first_name`, `last_name`, `full_name`, `year_birth`, `parent_id`) VALUES
(25, 'Jeferson', 'da Costa Moniz', 'Jeferson da Costa Moniz', 2018, 45),
(26, 'Marcos', 'Saviola Moniz', 'Marcos Saviola Moniz', 2020, 45),
(27, 'Marcos', 'Moniz', 'Marcos Moniz', 2020, 44),
(28, 'Jeferson', 'Moniz', 'Jeferson Moniz', 2018, 44);

-- --------------------------------------------------------

--
-- Table structure for table `parentregistrationapp_studentactivitylog`
--

CREATE TABLE `parentregistrationapp_studentactivitylog` (
  `id` bigint(20) NOT NULL,
  `activity_type` varchar(250) NOT NULL,
  `timestamp` datetime(6) NOT NULL,
  `details` longtext DEFAULT NULL,
  `student_id` bigint(20) NOT NULL
) ENGINE=InnoDB DEFAULT CHARSET=utf8mb4 COLLATE=utf8mb4_general_ci;

-- --------------------------------------------------------

--
-- Table structure for table `parentregistrationapp_studentcode`
--

CREATE TABLE `parentregistrationapp_studentcode` (
  `id` bigint(20) NOT NULL,
  `code` varchar(250) NOT NULL,
  `student_id` bigint(20) NOT NULL
) ENGINE=InnoDB DEFAULT CHARSET=utf8mb4 COLLATE=utf8mb4_general_ci;

--
-- Dumping data for table `parentregistrationapp_studentcode`
--

INSERT INTO `parentregistrationapp_studentcode` (`id`, `code`, `student_id`) VALUES
(4, 'JADA4', 4),
(11, 'DADA11', 11),
(15, 'LUPO15', 15),
(16, 'JOBA16', 16),
(18, 'JODA18', 18),
(19, 'TEDA19', 19),
(25, 'JEDA25', 25),
(26, 'MASA26', 26),
(27, 'MAMO27', 27),
(28, 'JEMO28', 28);

-- --------------------------------------------------------

--
-- Table structure for table `parentregistrationapp_suco`
--

CREATE TABLE `parentregistrationapp_suco` (
  `id` bigint(20) NOT NULL,
  `name` varchar(250) NOT NULL,
  `posto_id` bigint(20) DEFAULT NULL
) ENGINE=InnoDB DEFAULT CHARSET=utf8mb4 COLLATE=utf8mb4_general_ci;

--
-- Dumping data for table `parentregistrationapp_suco`
--

INSERT INTO `parentregistrationapp_suco` (`id`, `name`, `posto_id`) VALUES
(1, 'Luro', 1),
(2, 'Suku', 2),
(3, 'Aissirimou', 3),
(4, 'Fatubossa', 3),
(5, 'Lahae', 3),
(6, 'Saboria', 3),
(7, 'Fahiria', 3),
(8, 'Lausi', 3),
(9, 'Suco Liurai', 3),
(10, 'Bandudato', 3),
(11, 'Hoholau', 3),
(12, 'Seloi Malere', 3),
(13, 'Seloi Kraic', 3),
(14, 'Cotolau', 4),
(15, 'Talitu', 4),
(16, 'Madabeno', 4),
(17, 'Tohumeta', 4),
(18, 'Fatisi', 4),
(19, 'Bereleu', 5),
(20, 'Namolesso', 5),
(21, 'Acubilitoho', 5),
(22, 'Betulau', 5),
(23, 'Manucasa', 5),
(24, 'Fahisoi', 5),
(25, 'Faturilau', 5),
(26, 'Maumeta', 6),
(27, 'Tulataqueo', 6),
(28, 'Faturasa', 6),
(29, 'Acumau', 6),
(30, 'Hautoho', 6),
(31, 'Fadabloco', 6),
(32, 'Suco Liurai', 6),
(33, 'Fahisoi', 6),
(34, 'Taitudac', 7),
(35, 'Mahaquidan', 7),
(36, 'Aituha', 7),
(37, 'Dotik', 7),
(38, 'Uma Berloic', 7),
(39, 'Clacuc', 8),
(40, 'Fatukahi', 8),
(41, 'Caicassa', 8),
(42, 'Bubussuso', 8),
(43, 'Fahinehan', 8),
(44, 'Letefoho', 9),
(45, 'Babulo', 9),
(46, 'Dai-Sua', 9),
(47, 'Hola-Rua', 9),
(48, 'Rotuto', 9),
(49, 'Tutuluro', 9),
(50, 'Betano', 9),
(51, 'Foholau', 10),
(52, 'Beremana', 10),
(53, 'Orana', 10),
(54, 'Mindelo', 10),
(55, 'Aitemua', 10),
(56, 'Manumera', 10),
(57, 'Caimauc', 10),
(58, 'Liurai', 10),
(59, 'Matorec', 10),
(60, 'Fatucalo', 10),
(61, 'Lessuata', 10),
(62, 'Uma Boco', 11),
(63, 'Aubeon', 11),
(64, 'Abat Oan/Fatuwaque', 11),
(65, 'Manehat', 11),
(66, 'Barique', 11),
(67, 'Lacumesac', 12),
(68, 'Uma Naruc', 12),
(69, 'Uma Caduac', 12),
(70, 'Hohorai', 12),
(71, 'Batara', 13),
(72, 'Manelima', 13),
(73, 'Orlalan', 13),
(74, 'Funar', 13),
(75, 'Fatumaquerec', 13),
(76, 'Sananain', 13),
(77, 'Lifau', 14),
(78, 'Haturalan', 14),
(79, 'Cairui', 14),
(80, 'Aiteas', 15),
(81, 'Ailili', 15),
(82, 'Sau', 15),
(83, 'Ma\'abat', 15),
(84, 'Iliheu', 15),
(85, 'Cribas', 15),
(86, 'Samoro', 16),
(87, 'Leo-Hat', 16),
(88, 'Manufahi', 16),
(89, 'Manlala', 16),
(90, 'Fatumaquerec', 16),
(91, 'Beneufe', 17),
(92, 'Suniufe', 17),
(93, 'Usitaco', 17),
(94, 'Lelaufe', 17),
(95, 'Banafi', 17),
(96, 'Bobometo', 18),
(97, 'Usitasae', 18),
(98, 'Usitaqueno', 18),
(99, 'Nipane', 19),
(100, 'Lifau', 19),
(101, 'Taiboco', 19),
(102, 'Lalisuc', 19),
(103, 'Cunha', 19),
(104, 'Naimeco', 19),
(105, 'Bobocasse', 19),
(106, 'Laline', 20),
(107, 'Uma Tolu', 20),
(108, 'Dilor', 20),
(109, 'Ahic', 20),
(110, 'Ossu de Cima', 21),
(111, 'Loi-Huno', 21),
(112, 'Builale', 21),
(113, 'Liaruca', 21),
(114, 'Uaguia', 21),
(115, 'Uabubo', 21),
(116, 'Ossorua', 21),
(117, 'Nahareca', 21),
(118, 'Uaibobo', 21),
(119, 'Afaloicai', 22),
(120, 'Irabin de Cima', 22),
(121, 'Uani Uma', 22),
(122, 'Loi Ulo', 22),
(123, 'Bahatata', 22),
(124, 'Vessoru', 23),
(125, 'Babulo', 23),
(126, 'Afaloicai', 23),
(127, 'Macadique', 23),
(128, 'Uaitame', 23),
(129, 'Matahoi', 23),
(130, 'Bahalarauain', 24),
(131, 'Luca', 24),
(132, 'Caraubalo', 24),
(133, 'Maluru', 24),
(134, 'Bibileo', 24),
(135, 'Uai-Mori', 24),
(136, 'Uma Uain Craic', 24),
(137, 'Uma Quic', 24),
(138, 'Uma Uain Leten', 24),
(139, 'Fatudere', 24),
(140, 'Ainaro', 25),
(141, 'Manutaci', 25),
(142, 'Soro', 25),
(143, 'Mau-Ulo', 25),
(144, 'Suro-Craic', 25),
(145, 'Cassa', 25),
(146, 'Mau-Nunu', 25),
(147, 'Nuno-Mogue', 26),
(148, 'Mulo', 26),
(149, 'Mauchiga', 26),
(150, 'Leolima', 27),
(151, 'Foho-Ai-Lico', 27),
(152, 'Aituto', 28),
(153, 'Edi', 28),
(154, 'Fatubessi', 28),
(155, 'Horai-Quic', 28),
(156, 'Liurai', 28),
(157, 'Manelobas', 28),
(158, 'Manetú', 28),
(159, 'Maubisse', 28),
(160, 'Maulau', 28),
(161, 'Afaloicai', 29),
(162, 'Osso Huna', 29),
(163, 'Hae Coni', 29),
(164, 'Alawa Leten', 29),
(165, 'Samalari', 29),
(166, 'Lavateri', 29),
(167, 'Defawasi', 29),
(168, 'Alawa Craik', 29),
(169, 'Larisula', 29),
(170, 'Uacala', 29),
(171, 'Tirilolo', 30),
(172, 'Bahu', 30),
(173, 'Caibada', 30),
(174, 'Seiçal', 30),
(175, 'Bucoli', 30),
(176, 'Triloca', 30),
(177, 'Buibau', 30),
(178, 'Gariuai', 30),
(179, 'Samalari', 30),
(180, 'Uailili', 30),
(181, 'Soba', 31),
(182, 'Nunira', 31),
(183, 'Libagua', 31),
(184, 'Samalari', 31),
(185, 'Saelari', 31),
(186, 'Sagadate', 31),
(187, 'Atelari', 31),
(188, 'Tequinomata', 31),
(189, 'Baguia', 32),
(190, 'Lacoliu', 32),
(191, 'Letemumo', 32),
(192, 'Macalaco', 32),
(193, 'Uaitame', 32),
(194, 'Guruçà', 32),
(195, 'Bualale', 32),
(196, 'Maluro', 32),
(197, 'Abo', 32),
(198, 'Lelalai', 32),
(199, 'Laisorolai de Cima', 32),
(200, 'Laisorolai de Baixo', 32),
(201, 'Afaça', 32),
(202, 'Namanei', 32),
(203, 'Abafala', 32),
(204, 'Vemasse', 33),
(205, 'Caicua', 33),
(206, 'Ostico', 33),
(207, 'Uato-Lari', 33),
(208, 'Loilubo', 33),
(209, 'Ossouala', 33),
(210, 'Uaigae', 33),
(211, 'Uatu Haco', 34),
(212, 'Uailaha', 34),
(213, 'Bado-Ho\'o', 34),
(214, 'Baha Mori', 34),
(215, 'Uai Oli', 34),
(216, 'Fatulia', 34),
(217, 'Uma Ana Ulo', 34),
(218, 'Uma Ana Ico', 34),
(219, 'Aidabaleten', 35),
(220, 'Hataz', 35),
(221, 'Rairobo', 35),
(222, 'Atabae', 35),
(223, 'Balibo Vila', 36),
(224, 'Leohito', 36),
(225, 'Leolima', 36),
(226, 'Cowa', 36),
(227, 'Sanirin', 36),
(228, 'Batugade', 36),
(229, 'Bobonaro', 37),
(230, 'Malilait', 37),
(231, 'Lourba', 37),
(232, 'Soilesu', 37),
(233, 'Atu-Aben', 37),
(234, 'Ilat-Laun', 37),
(235, 'Male-Ubu', 37),
(236, 'Colimau', 37),
(237, 'Tebabui', 37),
(238, 'Carabau', 37),
(239, 'Cotabot', 37),
(240, 'Ai-Assa', 37),
(241, 'Oe-Leu', 37),
(242, 'Tapo', 37),
(243, 'Leber ', 37),
(244, 'Sibuni ', 37),
(245, 'Molop', 37),
(246, 'Lour', 37),
(247, 'Raiheu', 38),
(248, 'Atudara', 38),
(249, 'Goulolo', 38),
(250, 'Guenu Lai', 38),
(251, 'Meligo', 38),
(252, 'Manapa', 38),
(253, 'Dau Udo', 38),
(254, 'Purugoa', 38),
(255, 'Opa', 39),
(256, 'Lupal', 39),
(257, 'Deudet', 39),
(258, 'Guda', 39),
(259, 'Lebos', 39),
(260, 'Gildapil', 39),
(261, 'Lontas', 39),
(262, 'Lahomea', 40),
(263, 'Raifun', 40),
(264, 'Ritabou', 40),
(265, 'Odomau', 40),
(266, 'Holsa', 40),
(267, 'Tapo/Memo', 40),
(268, 'Saburai', 40),
(269, 'Fatululic', 41),
(270, 'Taroman', 41),
(271, 'Fatumea', 42),
(272, 'Fohoren', 43),
(273, 'Dato Rua', 43),
(274, 'Lactos', 43),
(275, 'Dato Tolu', 43),
(276, 'Raimea', 44),
(277, 'Zulo', 44),
(278, 'Fatuleto', 44),
(279, 'Lour', 44),
(280, 'Lepo', 44),
(281, 'Mape', 44),
(282, 'Ucecai', 44),
(283, 'Camenaça', 45),
(284, 'Debos', 45),
(285, 'Suai Loro', 45),
(286, 'Labarai', 45),
(287, 'Beco', 45),
(288, 'Beiseuc', 46),
(289, 'Maudemo', 46),
(290, 'Lalawa', 46),
(291, 'Casabauc', 46),
(292, 'Ogues', 47),
(293, 'Matai', 47),
(294, 'Holpilat', 47),
(295, 'Belecasac', 47),
(296, 'XX-Vila Maumeta', 48),
(297, 'XX-Maquili', 48),
(298, 'XX-Beloi', 48),
(299, 'XX-Macadade', 48),
(300, 'XX-Biqueli', 48),
(301, 'Culu Hun', 49),
(302, 'Becora', 49),
(303, 'Hera', 49),
(304, 'Balibar', 49),
(305, 'Camea', 49),
(306, 'Meti Aut', 49),
(307, 'Bidau Santana', 49),
(308, 'Fatuhada', 50),
(309, 'Bairro Pite', 50),
(310, 'Comoro', 50),
(311, 'Kampung Alor', 50),
(312, 'Sabuli', 51),
(313, 'Duyung', 51),
(314, 'Santa Cruz', 52),
(315, 'Bemori', 52),
(316, 'Lahane Oriental', 52),
(317, 'Mascarenhas', 53),
(318, 'Caicoli', 53),
(319, 'Dare', 53),
(320, 'Atara', 54),
(321, 'Baboi Leten', 54),
(322, 'Baboi Craic', 54),
(323, 'Batu Mano', 54),
(324, 'Lacao', 54),
(325, 'Leimea Leten', 54),
(326, 'Laclo', 54),
(327, 'Laubono', 54),
(328, 'Malabe', 54),
(329, 'Obulo', 54),
(330, 'Tiarlelo', 54),
(331, 'Parami', 54),
(332, 'Poetete', 55),
(333, 'Ponilala', 55),
(334, 'Mertuto', 55),
(335, 'Leguimea', 55),
(336, 'Riheu', 55),
(337, 'Talimoro', 55),
(338, 'Estado', 55),
(339, 'Raimerhei', 55),
(340, 'Humboe', 55),
(341, 'XX-Hatolia Vila', 56),
(342, 'XX-Manusae', 56),
(343, 'XX-Samara', 56),
(344, 'XX-Ailelo', 56),
(345, 'XX-Lisapat', 56),
(346, 'XX-Leimea-Craic', 56),
(347, 'XX-Coliate-Leotelo', 56),
(348, 'XX-Fatubolo', 56),
(349, 'XX-Urahou', 56),
(350, 'XX-Mau-Ubo', 56),
(351, 'XX-Aculau', 56),
(352, 'XX-Leimea-Sorinbalo', 56),
(353, 'XX-Fatubessi', 56),
(354, 'Hatugau', 57),
(355, 'Ducurai', 57),
(356, 'Goulolo', 57),
(357, 'Eraulo', 57),
(358, 'Catrai Craic', 57),
(359, 'Catraileten', 57),
(360, 'Lauana', 57),
(361, 'Liho', 58),
(362, 'Matata', 58),
(363, 'Tokoluli', 58),
(364, 'Fatuquero', 58),
(365, 'Railaco Leten', 58),
(366, 'Railaco Craic', 58),
(367, 'Samalete', 58),
(368, 'Deleso', 58),
(369, 'Taraco', 58),
(370, 'Fatumasi', 59),
(371, 'Metagou', 59),
(372, 'Leorema', 59),
(373, 'Lauhata', 59),
(374, 'Maumeta', 59),
(375, 'Motaulun', 59),
(376, 'Ulmera', 59),
(377, 'Tibar', 59),
(378, 'Fahilebo', 59),
(379, 'Dato', 60),
(380, 'Hatuquessi', 60),
(381, 'Loidahar', 60),
(382, 'Luculai', 60),
(383, 'Leotala', 60),
(384, 'Darulete', 60),
(385, 'Açumanu', 60),
(386, 'Vaviquinia', 61),
(387, 'Lissadila', 61),
(388, 'Gugleur', 61),
(389, 'Maubaralissa', 61),
(390, 'Vatuvou', 61),
(391, 'Guiço', 61),
(392, 'Vatuboro', 61),
(393, 'Iliomar 1', 62),
(394, 'Iliomar 2', 62),
(395, 'Aelebere', 62),
(396, 'Fuat', 62),
(397, 'Caenlio', 62),
(398, 'Tirilolo', 62),
(399, 'Parlamento', 63),
(400, 'Com', 63),
(401, 'Pairara', 63),
(402, 'Maina 1', 63),
(403, 'Baduro', 63),
(404, 'Maina 2', 63),
(405, 'Serelau', 63),
(406, 'Daudere', 63),
(407, 'Ililai', 63),
(408, 'Euquisi', 63),
(409, 'Fuiloro', 64),
(410, 'Raça', 64),
(411, 'Bauro', 64),
(412, 'Home', 64),
(413, 'Souro', 64),
(414, 'Leuro', 64),
(415, 'Cacavei', 64),
(416, 'xx-Lore 1', 64),
(417, 'xx-Lore 2', 64),
(418, 'Muapitine', 64),
(419, 'Cotamutu', 1),
(420, 'Afabubu', 1),
(421, 'Lacawa', 1),
(422, 'Baricafa', 1),
(423, 'Wairoque', 1),
(424, 'Tutuala', 65),
(425, 'Mehara', 65),
(426, 'Fora de Timor', 66),
(427, 'Costa', 19),
(428, '-', 10),
(429, '-', 15),
(430, 'Malelat', 67),
(431, 'Abani', 67),
(432, 'Groto', 9),
(433, '-', 29),
(434, 'Koliate-Leotelu', 68),
(435, '-', 60),
(436, 'Hatolia Vila', 68),
(437, 'Irabin de Baixo', 22),
(438, 'Asulau Saré', 68),
(439, 'Vila Verde', 53),
(440, 'Ailelo', 68),
(441, 'Leimea-Sorin Balo', 68),
(442, 'Urahou', 69),
(443, 'Lahane Ocidental', 53),
(444, 'Bebonuk', 50),
(445, 'Lore 1', 70),
(446, 'Madohi', 50),
(447, 'Motael', 53),
(448, '-', 71),
(449, 'Manleuana', 50),
(450, 'Builo', 21),
(451, '-', 11),
(452, 'Wenunuc', 51),
(453, '-', 42),
(454, 'Biqueli', 72),
(455, 'Nanu', 42),
(456, 'Gricenfor', 52),
(457, 'Lore 2', 70),
(458, '-', 59),
(459, 'Mantelolão', 51),
(460, 'Lisapat', 69),
(461, '-', 4),
(462, '-', 8),
(463, 'Acadiru Hun', 52),
(464, 'Tashilin', 44),
(465, 'Leimea-Kraik', 68),
(466, '-', 12),
(467, 'Colmera', 53),
(468, '-', 13),
(469, 'Buruma', 30),
(470, '-', 73),
(471, '-', 32),
(472, 'Koliate Leten', 68),
(473, 'Bocolelo', 4),
(474, 'Bidau Lecidere', 52),
(475, '-', 24),
(476, '-', 40),
(477, '-', 30),
(478, 'Sikone-Dil Oli', 11),
(479, '-', 33),
(480, 'Laicore', 12),
(481, '-', 27),
(482, '-', 34),
(483, '-', 43),
(484, 'Macadade', 72),
(485, '-', 74),
(486, '-', 31),
(487, 'Fatubolo', 69),
(488, '-', 26),
(489, '-', 45),
(490, 'Fatubessi', 69),
(491, '-', 55),
(492, '-', 49),
(493, 'Belulic Leten', 42),
(494, 'Mau-Ubo', 69),
(495, '-', 52),
(496, 'Haupu', 57),
(497, '-', 64),
(498, 'Manusae', 68),
(499, '-', 75),
(500, '-', 17),
(501, '-', 20),
(502, '-', 76),
(503, '-', 50),
(504, '-', 77),
(505, 'Ailoc', 49),
(506, '-', 62),
(507, '-', 9),
(508, 'Beloi', 72),
(509, '-', 14),
(510, '-', 19),
(511, '-', 1),
(512, 'XX-', 48),
(513, 'Lauala', 55),
(514, 'Samara', 68),
(515, 'Lequitura', 3),
(516, 'Maquili', 72),
(517, '-', 65),
(518, '-', 23),
(519, '-', 6),
(520, '-', 63),
(521, '-', 7),
(522, '-', 78),
(523, '-', 79),
(524, '-', 47),
(525, '-', 54),
(526, '-', 35),
(527, '-', 3),
(528, 'XX-', 56),
(529, 'Vila Maumeta', 72),
(530, '-', 80),
(531, '-', 37),
(532, '-', 21),
(533, '-', 72),
(534, '-', 58),
(535, '-', 41),
(536, '-', 25),
(537, '-', 81),
(538, '-', 82),
(539, '-', 39),
(540, '-', 44),
(541, '-', 67),
(542, '-', 83),
(543, '-', 46),
(544, '-', 38),
(545, '-', 61),
(546, '-', 5),
(547, '-', 53),
(548, '-', 51),
(549, '-', 69),
(550, '-', 22),
(551, '-', 84),
(552, '-', 16),
(553, '-', 28),
(554, '-', 85),
(555, '-', 57),
(556, '-', 18),
(557, '-', 36);

-- --------------------------------------------------------

--
-- Table structure for table `parentregistrationapp_village`
--

CREATE TABLE `parentregistrationapp_village` (
  `id` bigint(20) NOT NULL,
  `name` varchar(250) NOT NULL,
  `suco_id` bigint(20) DEFAULT NULL
) ENGINE=InnoDB DEFAULT CHARSET=utf8mb4 COLLATE=utf8mb4_general_ci;

--
-- Dumping data for table `parentregistrationapp_village`
--

INSERT INTO `parentregistrationapp_village` (`id`, `name`, `suco_id`) VALUES
(1, 'Hailarin', 1),
(2, 'Aldeia', 2),
(3, 'Berecati', 3),
(4, 'Erkoatun', 3),
(5, 'Hudilaran', 3),
(6, 'Caicassa', 4),
(7, 'Coulau', 4),
(8, 'Erhetu', 4),
(9, 'Fatubossa', 4),
(10, 'Hoholete', 4),
(11, 'Urhua', 4),
(12, 'Liklaukana', 4),
(13, 'Denhuni', 5),
(14, 'Eralolo', 5),
(15, 'Lacasori', 5),
(16, 'Lahae', 5),
(17, 'Riatelo', 5),
(18, 'Bermanulaeu', 6),
(19, 'Lerulete', 6),
(20, 'Saboria', 6),
(21, 'Daulala', 7),
(22, 'Fahiria', 7),
(23, 'Fatubuti', 7),
(24, 'Manulete', 7),
(25, 'Sidole', 7),
(26, 'Erbuti', 8),
(27, 'Lausi', 8),
(28, 'Riafusun', 8),
(29, 'Banderahun', 9),
(30, 'Coulaudo', 9),
(31, 'Fatulmau', 9),
(32, 'Dailor', 10),
(33, 'Raelete', 10),
(34, 'Taiblor', 10),
(35, 'Aslimhati', 11),
(36, 'Hatulai', 11),
(37, 'Manubata', 11),
(38, 'Mau-Uluria', 11),
(39, 'Saharai', 11),
(40, 'Kabasfatin', 12),
(41, 'Cotbauru', 12),
(42, 'Hularema', 12),
(43, 'Malere', 12),
(44, 'Sarin', 7),
(45, 'Quirilelo', 9),
(46, 'Raimanso', 9),
(47, 'Rairema', 9),
(48, 'Maurusa', 12),
(49, 'Taratihi', 12),
(50, 'Aslimhati', 3),
(51, 'Bessilau', 3),
(52, 'Casamou', 13),
(53, 'Colihoho', 13),
(54, 'Halalmeta', 13),
(55, 'Lio', 13),
(56, 'Talifurleu', 13),
(57, 'xx-Lequitura', 8),
(58, 'Rairema', 8),
(59, 'Laclo', 9),
(60, 'Binona', 14),
(61, 'Ornai', 14),
(62, 'Cotolau', 14),
(63, 'Ramerlau', 14),
(64, 'Casmantutu', 15),
(65, 'Talitu', 15),
(66, 'Desmanhata', 16),
(67, 'Lismori', 16),
(68, 'Manufoni', 16),
(69, 'Remapati', 16),
(70, 'Acadiro', 17),
(71, 'Berlihu-Meta', 17),
(72, 'Banro', 18),
(73, 'Maubouc', 18),
(74, 'Umanlau', 18),
(75, 'Belumhatu', 16),
(76, 'Manehalo', 16),
(77, 'XX-Donfonamo', 18),
(78, 'Fatuk-Hun', 15),
(79, 'Bereleu', 19),
(80, 'Tataresi', 19),
(81, 'Lebumetan', 19),
(82, 'Lebutu', 19),
(83, 'Riamori', 19),
(84, 'Aitoin', 20),
(85, 'Lacabou', 20),
(86, 'Maucurunamo', 20),
(87, 'Serema', 20),
(88, 'Acumata', 21),
(89, 'Biiloco', 21),
(90, 'Hautoho', 21),
(91, 'Lebutun', 22),
(92, 'Sarabere', 22),
(93, 'Fatu Mirin', 23),
(94, 'Manutai', 23),
(95, 'Dailorluta', 24),
(96, 'Locotoi', 24),
(97, 'Tatilisame', 24),
(98, 'Cairema', 25),
(99, 'Lebumeran', 25),
(100, 'Aitoi', 26),
(101, 'Aibana', 26),
(102, 'Tuqueu', 26),
(103, 'Aicurus', 27),
(104, 'Roluli', 27),
(105, 'Samalete', 27),
(106, 'Bereliço', 28),
(107, 'Caitaso', 28),
(108, 'Faculau', 28),
(109, 'Raemerhei', 28),
(110, 'Aimerahun', 29),
(111, 'Fatumanaro', 29),
(112, 'Leroliça', 29),
(113, 'Aibutihun', 30),
(114, 'Lebutu', 30),
(115, 'Raemerhei', 30),
(116, 'Lequiça', 31),
(117, 'Lilitei', 31),
(118, 'Raifatu', 31),
(119, 'Cotomori', 32),
(120, 'Laraluha', 32),
(121, 'Manutane', 32),
(122, 'Bereliurai', 33),
(123, 'Deruhati', 33),
(124, 'Mautoba', 33),
(125, 'Ailora', 34),
(126, 'Kakeuk Laletek', 34),
(127, 'Lurin', 34),
(128, 'Mahaklusin', 34),
(129, 'Manus', 34),
(130, 'Beremanek', 35),
(131, 'Debuwain', 35),
(132, 'Knua Alas', 35),
(133, 'Tahu Bein', 35),
(134, 'Uma Mean', 35),
(135, 'Leo Dato', 36),
(136, 'Rai Kesa', 36),
(137, 'Lacaluan', 37),
(138, 'Sarin', 37),
(139, 'Baria Laran', 38),
(140, 'Colocau', 38),
(141, 'Uma Berloic', 38),
(142, 'Uma Feric', 38),
(143, 'Mane Hat', 39),
(144, 'Nalolo', 39),
(145, 'Saluquim', 39),
(146, 'Tiro', 39),
(147, 'Webicas', 39),
(148, 'Fatubessi', 40),
(149, 'Fatuboe', 40),
(150, 'Fatumutin', 40),
(151, 'Fuquiran', 40),
(152, 'Cledik', 40),
(153, 'Ailalec', 41),
(154, 'Bubur Laletek', 41),
(155, 'Caicassa', 41),
(156, 'Sukaer Oan', 41),
(157, 'Aituha', 42),
(158, 'Bubulora', 42),
(159, 'Bubussusso', 42),
(160, 'Lihu Lau', 42),
(161, 'Orlora', 42),
(162, 'Ainessi', 43),
(163, 'Daramata', 43),
(164, 'Daurata', 43),
(165, 'Riamori', 43),
(166, 'Ailuli', 44),
(167, 'Cotalala', 44),
(168, 'Ladiqui', 44),
(169, 'Manico', 44),
(170, 'Rai-Ubo', 44),
(171, 'Ria-Lau', 44),
(172, 'Tomonamo', 44),
(173, 'Lapuro', 45),
(174, 'Lia-Nai', 45),
(175, 'Nunu-Fu', 45),
(176, 'Raimera', 45),
(177, 'Searema', 45),
(178, 'Turon', 45),
(179, 'Uma-Liurai', 45),
(180, 'Uma-Luli', 45),
(181, 'Dai-Sua', 46),
(182, 'Leço-Ai', 46),
(183, 'Leço-Lau', 46),
(184, 'Loti', 46),
(185, 'Ria-Tu', 46),
(186, 'Anilumo', 47),
(187, 'Blaro', 47),
(188, 'Carbulau', 47),
(189, 'Datina', 47),
(190, 'Deunai', 47),
(191, 'Fahiluhan', 47),
(192, 'Falitehu', 47),
(193, 'Fatuco', 47),
(194, 'Hatu-Rae', 47),
(195, 'Orema', 47),
(196, 'Russo', 47),
(197, 'Tirilolo', 47),
(198, 'Uru Fu', 47),
(199, 'Bere-Teni', 48),
(200, 'Foe-Hei', 48),
(201, 'Leo-Fat', 48),
(202, 'Hatu-Hei', 48),
(203, 'Sabou', 48),
(204, 'Ailau', 49),
(205, 'Batas', 49),
(206, 'Bubolau', 49),
(207, 'Dalun', 49),
(208, 'Hastetuc', 49),
(209, 'Roin', 49),
(210, 'Sosemera', 49),
(211, 'Bemetan', 50),
(212, 'Lalica', 50),
(213, 'Loe-Ai', 50),
(214, 'Loro', 50),
(215, 'Rai-Fussa', 50),
(216, 'Selihassan', 50),
(217, 'Sessurai', 50),
(218, 'Leubuti', 51),
(219, 'Lutarmata', 51),
(220, 'Tarabula', 51),
(221, 'Beremana', 52),
(222, 'Dalubo', 52),
(223, 'Fahilebo', 52),
(224, 'Orana', 53),
(225, 'Fatulelo', 53),
(226, 'Teberai', 53),
(227, 'Aidila', 54),
(228, 'Binani', 54),
(229, 'Maubissi', 54),
(230, 'Orcenaco', 54),
(231, 'Furak Lau', 55),
(232, 'Laclo', 55),
(233, 'Assumata', 56),
(234, 'Faturedalau', 56),
(235, 'Cotalaulara', 56),
(236, 'Toilero', 56),
(237, 'Bussacoa', 57),
(238, 'Fohua', 57),
(239, 'Lemano', 57),
(240, 'Railete', 57),
(241, 'Risso', 57),
(242, 'Bilimano', 58),
(243, 'Fanolelo', 58),
(244, 'Fohonaru', 58),
(245, 'Markoluli', 58),
(246, 'Titilawai', 58),
(247, 'Turiscai Lau', 58),
(248, 'Fatu Hei', 59),
(249, 'Foho Tu', 59),
(250, 'Orluli', 59),
(251, 'Rimori', 59),
(252, 'Darufu', 60),
(253, 'Ermori', 60),
(254, 'Ailulimau', 61),
(255, 'Bitibo', 61),
(256, 'Lebucoa', 61),
(257, 'Namoluli', 61),
(258, 'Fehuc Rin', 62),
(259, 'Bubur Laran', 63),
(260, 'Wecadi', 63),
(261, 'Camedar', 64),
(262, 'Ranac', 64),
(263, 'Dambua Hun', 65),
(264, 'Isadan', 65),
(265, 'Nu-Ahuc', 65),
(266, 'Caunua', 66),
(267, 'Webani', 66),
(268, 'Hatu Conan', 67),
(269, 'Labubu', 67),
(270, 'Nacaleo', 67),
(271, 'Readodoc', 67),
(272, 'Tahagamu', 67),
(273, 'Bua', 68),
(274, 'Hahi-Lacor', 68),
(275, 'Uma Naruc', 68),
(276, 'Uma Surat', 68),
(277, 'Condar', 69),
(278, 'Hahi Hoho', 69),
(279, 'Ili-Mano', 69),
(280, 'Anicolaun', 70),
(281, 'Hatuanan-Hun', 70),
(282, 'Hatu Ermera', 70),
(283, 'Miri Huhun', 70),
(284, 'Are Ain', 71),
(285, 'Balulin', 71),
(286, 'Fatuha', 71),
(287, 'Wer Ulun', 71),
(288, 'Aman Un', 72),
(289, 'Futumanuc', 72),
(290, 'Calohan', 72),
(291, 'Lafulau', 72),
(292, 'Laceno', 72),
(293, 'Manu-Atun', 72),
(294, 'Aimaulin', 73),
(295, 'Diric Un', 73),
(296, 'Fatulaun', 73),
(297, 'Lei', 73),
(298, 'Nauleen', 73),
(299, 'Orlalan', 73),
(300, 'Pualaca', 73),
(301, 'Torilalan', 73),
(302, 'Bamatac', 74),
(303, 'Fahi Lihun', 74),
(304, 'Lewado', 74),
(305, 'Maucucurian', 74),
(306, 'Laramera', 75),
(307, 'Lisuata', 75),
(308, 'Sasahi', 75),
(309, 'Fatu-Uc', 76),
(310, 'Ruhetun', 76),
(311, 'Tanusa', 76),
(312, 'Waidarec', 76),
(313, 'Lenao', 77),
(314, 'Uma-Clalan', 77),
(315, 'Uma-Rentau', 77),
(316, 'Weboro', 78),
(317, 'Ralan', 78),
(318, 'Uma-Iuc', 78),
(319, 'Bia-Ba\'e', 79),
(320, 'Hatu-Karau', 79),
(321, 'Watu-Sili', 79),
(322, 'Corohoco', 79),
(323, 'Rai-Bu', 79),
(324, 'Rai-Mea', 79),
(325, 'Wai-Nunu', 79),
(326, 'Bi-Uac', 80),
(327, 'Carlilu', 80),
(328, 'Uma Sau', 80),
(329, 'Belebato', 81),
(330, 'Iun', 81),
(331, 'Obrato', 82),
(332, 'Sau', 82),
(333, 'Ma\'abat', 83),
(334, 'Soraha', 83),
(335, 'Ili-Huli', 84),
(336, 'I-Un', 84),
(337, 'Rea-Hatu', 84),
(338, 'Athoc', 85),
(339, 'Caunua', 85),
(340, 'Ranac', 85),
(341, 'Tuquete', 85),
(342, 'Webani', 85),
(343, 'Lehutula', 86),
(344, 'Uma Querec', 86),
(345, 'Malus Hun', 87),
(346, 'Manufahi', 88),
(347, 'Teras', 88),
(348, 'Dauloroc', 89),
(349, 'Manlala', 89),
(350, 'Lesuata', 90),
(351, 'Sasahi', 90),
(352, 'Citrana', 91),
(353, 'Lamasi', 91),
(354, 'Manan', 91),
(355, 'Cabana', 92),
(356, 'Fuabano', 92),
(357, 'Oelnanoe', 92),
(358, 'Cuantua', 93),
(359, 'Fatunababo', 93),
(360, 'Nitibe', 93),
(361, 'Oamna', 93),
(362, 'Bebo', 94),
(363, 'Cuatenes', 94),
(364, 'Mahata', 94),
(365, 'Cuanobe', 95),
(366, 'Nefometan', 95),
(367, 'Hoineno', 96),
(368, 'Nianapu', 96),
(369, 'Oebaha', 96),
(370, 'Oenoah', 96),
(371, 'Saben', 96),
(372, 'Usapicolen', 96),
(373, 'Buqui', 97),
(374, 'Pune', 97),
(375, 'Sifin', 97),
(376, 'Nibin', 98),
(377, 'Bausiu', 99),
(378, 'Sacato', 99),
(379, 'Nefobai', 100),
(380, 'Oemolo', 100),
(381, 'Tulaica', 100),
(382, 'Maquelab', 101),
(383, 'Nemun', 101),
(384, 'Banoco', 102),
(385, 'Manuinpena', 102),
(386, 'Padiae', 102),
(387, 'Usapibela', 102),
(388, 'Noapai', 103),
(389, 'Noafafo', 103),
(390, 'Umenoah', 103),
(391, 'Bonemese', 104),
(392, 'Noque', 104),
(393, 'Teinae', 104),
(394, 'Bihala', 105),
(395, 'Aimeta Hun', 106),
(396, 'Fatu Cado', 106),
(397, 'Mau Ama', 106),
(398, 'Micradec', 106),
(399, 'Santo António', 106),
(400, 'Ai Sucu Nuc', 107),
(401, 'Crarec Maruc', 107),
(402, 'Data Metan', 107),
(403, 'Fahi Lain', 107),
(404, 'Tali Oan', 107),
(405, 'Aidac Laran', 108),
(406, 'Boruc', 108),
(407, 'Rade Uman', 108),
(408, 'Tula Oli', 108),
(409, 'Ai Lo Oc', 109),
(410, 'Cai Ua', 109),
(411, 'Crarec Bocu', 109),
(412, 'Hali Mean', 109),
(413, 'Hali Oan', 109),
(414, 'Baca-Isi', 110),
(415, 'Belas', 110),
(416, 'Borala', 110),
(417, 'Cai Uai Ho O', 110),
(418, 'Liamida', 110),
(419, 'Lugabuti', 110),
(420, 'Uairio', 110),
(421, 'Uma Ana Ico', 110),
(422, 'Cai Latu Lale', 111),
(423, 'Lia Uai Oli', 111),
(424, 'Samaliu', 111),
(425, 'Wai-Heda', 111),
(426, 'Wala Wau', 111),
(427, 'Bete Cai Ana', 112),
(428, 'Cai Leti Ana', 112),
(429, 'Cai Tara Hu', 112),
(430, 'Heni Uta', 112),
(431, 'Liaro', 112),
(432, 'Baha-Neo', 113),
(433, 'Cai-Ua', 113),
(434, 'Liaruca', 113),
(435, 'Liacuda', 113),
(436, 'Selele', 113),
(437, 'Dasarai', 114),
(438, 'Dolibuti', 114),
(439, 'Luhabere', 114),
(440, 'Manulari', 114),
(441, 'Uaitutumata', 114),
(442, 'Uatumanutuco', 114),
(443, 'Buanurac', 115),
(444, 'Dauborobaha', 115),
(445, 'Laritame', 115),
(446, 'Leque-Buti', 115),
(447, 'Ossogori', 115),
(448, 'Wai-Lia', 115),
(449, 'xx-Buareca', 116),
(450, 'XX-Builo', 116),
(451, 'XX-Derulo', 116),
(452, 'Fatu Dere', 116),
(453, 'Laisorule', 116),
(454, 'Raimuti', 116),
(455, 'Sama-Lari', 116),
(456, 'Lutuquia', 116),
(457, 'Uai-Bobo', 116),
(458, 'Uatu-Laua', 116),
(459, 'Umabere', 116),
(460, 'Umatamene', 116),
(461, 'Darenau', 117),
(462, 'Macabu U', 117),
(463, 'Maurate', 117),
(464, 'Raila A', 117),
(465, 'Samarogo', 117),
(466, 'Darenau', 118),
(467, 'Leo', 118),
(468, 'Mundailo', 118),
(469, 'Samaliurai', 118),
(470, 'Sogau', 118),
(471, 'Uaitau', 118),
(472, 'Uanise', 118),
(473, 'Cai Uailita', 119),
(474, 'Daralari', 119),
(475, 'Lacuhu', 119),
(476, 'Lequiuala', 119),
(477, 'Caida Ho O', 120),
(478, 'Cao Oli Ho O', 120),
(479, 'Mar Rae', 120),
(480, 'Tetumori', 120),
(481, 'Uatubita', 120),
(482, 'Ala Oli', 121),
(483, 'Boro-Bohae', 121),
(484, 'Osso-Mali', 121),
(485, 'Uatoliloli', 121),
(486, 'Udu', 121),
(487, 'Bulale', 122),
(488, 'Deni-Hare', 122),
(489, 'Lau-Aba', 122),
(490, 'Liabuta', 122),
(491, 'Assafadae', 122),
(492, 'Builacurae', 123),
(493, 'Nelu-Uai', 123),
(494, 'Tatadere', 123),
(495, 'Uaimare', 123),
(496, 'Bahabuga', 124),
(497, 'Baha-O', 124),
(498, 'Balabasiba', 124),
(499, 'Culudere', 124),
(500, 'Matau', 124),
(501, 'Mauboro', 124),
(502, 'Uani Uma', 124),
(503, 'Abadere', 125),
(504, 'Aha B Uu', 125),
(505, 'Asa Muta', 125),
(506, 'Beli', 125),
(507, 'Cota Nisi', 125),
(508, 'Daralari', 125),
(509, 'Lia Sidi', 125),
(510, 'Roma', 125),
(511, 'Buibela', 126),
(512, 'Cailaque', 126),
(513, 'Caitau', 126),
(514, 'Daco Ate', 126),
(515, 'Lena', 126),
(516, 'Lari', 126),
(517, 'Lorosae', 126),
(518, 'Ossocaiua', 126),
(519, 'Uaicai', 126),
(520, 'Uato Ita', 126),
(521, 'Betulari', 127),
(522, 'Borobai', 127),
(523, 'Bobulita', 127),
(524, 'Bobolaco', 127),
(525, 'Caidaualari', 127),
(526, 'Caidaulata', 127),
(527, 'Coquilaco', 127),
(528, 'Daralari', 127),
(529, 'Digamasi', 127),
(530, 'Edemumo', 127),
(531, 'Comiuro', 127),
(532, 'Lacarate', 127),
(533, 'Lau-Uma', 127),
(534, 'Liacaiua', 127),
(535, 'Luroboro', 127),
(536, 'Lutuguia', 127),
(537, 'Macadique', 127),
(538, 'Mata Dalan', 127),
(539, 'Namanei', 127),
(540, 'Ossolari', 127),
(541, 'Quetorai', 127),
(542, 'Fohomano', 128),
(543, 'Macadique', 128),
(544, 'Rai Laa', 128),
(545, 'Sana', 128),
(546, 'Uma Qui Ic', 128),
(547, 'Aele', 129),
(548, 'Buca Dalan-Matahoi', 129),
(549, 'Calohan-Uatulo', 129),
(550, 'Dalan Los-Uanama', 129),
(551, 'Iraler', 129),
(552, 'Loco Loco', 129),
(553, 'Mauseloc', 129),
(554, 'Mau Ciac', 129),
(555, 'Tatilari', 129),
(556, 'Uani Uma', 129),
(557, 'Uasufa', 129),
(558, 'Aidac', 130),
(559, 'Aisahe', 130),
(560, 'Camelitur', 130),
(561, 'Caninuc', 130),
(562, 'Welaco', 130),
(563, 'Wetalitua', 130),
(564, 'Canlor', 131),
(565, 'Iramer', 131),
(566, 'Uma Boot', 131),
(567, 'Uma Lor', 131),
(568, 'Cabira Oan', 132),
(569, 'Has Abut', 132),
(570, 'Lamaclaran', 132),
(571, 'Mamulac', 132),
(572, 'Manehat', 132),
(573, 'Siralari', 132),
(574, 'Wessa', 132),
(575, 'Loho Oan', 133),
(576, 'Macalosso', 133),
(577, 'Maluru', 133),
(578, 'Aisahe', 134),
(579, 'Amarleza', 134),
(580, 'Balideoan', 134),
(581, 'Fato Hosan', 134),
(582, 'Hareoan', 134),
(583, 'Lacouai', 134),
(584, 'Mane Claran', 134),
(585, 'Webae', 134),
(586, 'Lulei', 135),
(587, 'Mea-Uai', 135),
(588, 'Uaibubo', 135),
(589, 'Uatulesu', 135),
(590, 'Uma-Bo O', 135),
(591, 'Uma-Liurai', 135),
(592, 'Bosabein', 136),
(593, 'Duducai', 136),
(594, 'Fahi Berec', 136),
(595, 'Fatuhadan', 136),
(596, 'Halderai', 136),
(597, 'Loho', 136),
(598, 'Naeboruc', 136),
(599, 'Uhacae', 136),
(600, 'Aidac Bein', 137),
(601, 'Aina Uain', 137),
(602, 'Bahabunac', 137),
(603, 'Bahafou', 137),
(604, 'Lua', 137),
(605, 'Macadean', 137),
(606, 'Maroman', 137),
(607, 'Raihun', 137),
(608, 'Bahauai', 138),
(609, 'Baria', 138),
(610, 'Cailoibere', 138),
(611, 'Lialura', 138),
(612, 'Macalico', 138),
(613, 'Retica', 138),
(614, 'Tutcui', 138),
(615, 'Ucalale', 138),
(616, 'Aidilalita', 139),
(617, 'Barabeto', 139),
(618, 'Culale', 139),
(619, 'Ainaro', 140),
(620, 'Builico', 140),
(621, 'Hato-Mera', 140),
(622, 'Lugatú', 140),
(623, 'Nugufú', 140),
(624, 'Sabago', 140),
(625, 'Teliga', 140),
(626, 'Bau-Huti-Lau', 141),
(627, 'Hato-Meta-Udo', 141),
(628, 'Canudo', 141),
(629, 'Rae-Buti-Udo', 141),
(630, 'Guer-Udo', 142),
(631, 'Leolala', 142),
(632, 'Poelau', 142),
(633, 'Terlora', 142),
(634, 'Dagamessa', 143),
(635, 'Hato-Lau', 143),
(636, 'Hato-Lelo', 143),
(637, 'Mau-Ulo-Pú', 143),
(638, 'Mau-Ulu-Lau', 143),
(639, 'Ailau', 144),
(640, 'Bazar', 144),
(641, 'Nó-Ulo', 144),
(642, 'Ria-Mori', 144),
(643, 'Boltama', 145),
(644, 'Civil', 145),
(645, 'Lailima', 145),
(646, 'Mau-Suca Bemoris', 145),
(647, 'Queça-Mau', 145),
(648, 'Aileu', 146),
(649, 'Mama-Lau', 146),
(650, 'Mau-Suca', 146),
(651, 'Hato-Builico', 147),
(652, 'Hato-Seraquei', 147),
(653, 'Queorema', 147),
(654, 'Laqueco', 147),
(655, 'Lebulau', 147),
(656, 'Mausoromata', 147),
(657, 'Nuno-Mogue Lau', 147),
(658, 'Tucaro', 147),
(659, 'Aituto', 148),
(660, 'Bleheto', 148),
(661, 'Queorudo', 148),
(662, 'Hautio', 148),
(663, 'Mano-Mera', 148),
(664, 'Maulahulo', 148),
(665, 'Mulo', 148),
(666, 'Tatiri', 148),
(667, 'Goulora', 149),
(668, 'Hato-Quero', 149),
(669, 'Leotelo I', 149),
(670, 'Leotelo II', 149),
(671, 'Mauchiga', 149),
(672, 'Aimerleu', 150),
(673, 'Dausur', 150),
(674, 'Goulau', 150),
(675, 'Groto', 150),
(676, 'Hutseo', 150),
(677, 'Lesse', 150),
(678, 'Luro', 150),
(679, 'Nuno-Boco', 150),
(680, 'Rae-Soro', 150),
(681, 'Suro-Craic', 150),
(682, 'Ailora', 151),
(683, 'Ainaro-Quic', 151),
(684, 'Baha', 151),
(685, 'Lebo-Mera', 151),
(686, 'Lesso', 151),
(687, 'Raimerlau', 151),
(688, 'Aihou', 152),
(689, 'Airaca-Lau', 152),
(690, 'Betulala', 152),
(691, 'Goulolo', 152),
(692, 'Hato-Buti', 152),
(693, 'Lebututo', 152),
(694, 'Lientuto', 152),
(695, 'Mau-Lefo', 152),
(696, 'Russulau', 152),
(697, 'Demutete', 153),
(698, 'Hebau', 153),
(699, 'Lobibo', 153),
(700, 'Rai-Mera', 153),
(701, 'Talale', 153),
(702, 'Tali-Felo', 153),
(703, 'Hohulo', 154),
(704, 'Caitara', 154),
(705, 'Cassimidei', 154),
(706, 'Rae-Buti-Lau', 154),
(707, 'Titibauria', 154),
(708, 'Tutu-Fili', 154),
(709, 'Cartolo', 155),
(710, 'Gourema', 155),
(711, 'Hatussao', 155),
(712, 'Lau-Heli', 155),
(713, 'Bere-Tai', 156),
(714, 'Erbean', 156),
(715, 'Hoho-Naro', 156),
(716, 'Mau-Mude', 156),
(717, 'Ernaro', 157),
(718, 'Hautilo', 157),
(719, 'Hautei', 157),
(720, 'Cotomata', 157),
(721, 'Boro-Ulo', 158),
(722, 'Dau-Lelo', 158),
(723, 'Hahi-Tali', 158),
(724, 'Lebo-Luli', 158),
(725, 'Mau-Lai', 158),
(726, 'Quiri-Coli', 158),
(727, 'Russulau', 158),
(728, 'Cano-Rema', 159),
(729, 'Goulala', 159),
(730, 'Hato-Fae', 159),
(731, 'Hato-Luli', 159),
(732, 'Hautado', 159),
(733, 'Liqui-Tei', 159),
(734, 'Ria-Mori', 159),
(735, 'Ria-Leco', 159),
(736, 'Sarlala', 159),
(737, 'Teli-Tuco', 159),
(738, 'Ura-Hou', 159),
(739, 'Vila', 159),
(740, 'Aihosan', 160),
(741, 'Hahi-Mau', 160),
(742, 'Hato-Cade', 160),
(743, 'Hato-Lete', 160),
(744, 'Laca-Mali-Cau', 160),
(745, 'Lumo-Luli', 160),
(746, 'Maleria', 160),
(747, 'Rita', 160),
(748, 'Tara-Bula', 160),
(749, 'Ussululi', 160),
(750, 'Buibela', 161),
(751, 'Lena', 161),
(752, 'Oqui-Lari', 161),
(753, 'Uai-Mata', 161),
(754, 'Betulari', 162),
(755, 'Uacadae', 162),
(756, 'Uaicadae', 162),
(757, 'Afalari', 163),
(758, 'Bahatata', 163),
(759, 'Basaruai', 163),
(760, 'Larigua', 163),
(761, 'Lari Sula', 163),
(762, 'Uaiboro', 163),
(763, 'Ae-Afa', 164),
(764, 'Alaua', 164),
(765, 'Bibi-Lalari', 164),
(766, 'Maurubi-Assa', 164),
(767, 'Selibere', 164),
(768, 'Daraloi Craic', 165),
(769, 'Daraloi Leten', 165),
(770, 'Ira Osso', 165),
(771, 'Taubere', 165),
(772, 'Fanalolo', 166),
(773, 'Ledana', 166),
(774, 'Onortibalari', 166),
(775, 'Usso Issi Lari', 166),
(776, 'Uabubo', 166),
(777, 'Defawasi', 167),
(778, 'Lari-Bere', 167),
(779, 'Sae-Meta', 167),
(780, 'Uarou', 167),
(781, 'Ne-Olidae', 168),
(782, 'Sorucama', 168),
(783, 'Ua-Sufa', 168),
(784, 'Baiana', 169),
(785, 'Bibidae', 169),
(786, 'Bubu-Ha', 169),
(787, 'Lauhare', 169),
(788, 'Tirifalo', 169),
(789, 'Uro', 169),
(790, 'Uata Tefo', 169),
(791, 'Baboro', 170),
(792, 'Baiafa', 170),
(793, 'Betu-Muto', 170),
(794, 'Uacala', 170),
(795, 'Afaguia', 168),
(796, 'Betulale', 171),
(797, 'Lutumuto', 171),
(798, 'Ana-Ulo', 172),
(799, 'Boi-Le', 172),
(800, 'Lamegua', 172),
(801, 'Macadai', 172),
(802, 'Ro-Ulo', 172),
(803, 'Ana-Uaro', 173),
(804, 'Haurobu', 173),
(805, 'Uani-Uma', 173),
(806, 'Ague', 174),
(807, 'Lacoda', 174),
(808, 'Loiborouai', 174),
(809, 'Hene-Uabubo', 174),
(810, 'Umaquerek', 174),
(811, 'Boru-Baha', 173),
(812, 'Caiobilale', 173),
(813, 'Data-Ua', 173),
(814, 'Maulame', 173),
(815, 'Aubaca', 175),
(816, 'Lequi Loi Uato', 175),
(817, 'Luliheni', 175),
(818, 'Macadai de Cima', 175),
(819, 'Macadai de Baixo', 175),
(820, 'Uaisemo', 175),
(821, 'Aubaca', 176),
(822, 'Bado-Ho\'o', 176),
(823, 'Lequiloi Uato', 176),
(824, 'Macadai', 176),
(825, 'Alala', 177),
(826, 'Buibau', 177),
(827, 'Builai', 177),
(828, 'Loidua', 177),
(829, 'Manulai', 177),
(830, 'Samalaculiba', 177),
(831, 'Bahamori', 178),
(832, 'Cairiri', 178),
(833, 'Uatu-Ua', 178),
(834, 'Darasula', 178),
(835, 'Gariuai', 178),
(836, 'Maucale', 178),
(837, 'Uaibehana', 178),
(838, 'Uaturau', 178),
(839, 'Festau', 179),
(840, 'Ossoluga', 179),
(841, 'Samalari', 179),
(842, 'Sorulai', 179),
(843, 'Afacaimau', 180),
(844, 'Afagua', 180),
(845, 'Alala', 180),
(846, 'Ledatame', 180),
(847, 'Manulai', 180),
(848, 'Samalaculiba', 180),
(849, 'Uaimanuboe', 180),
(850, 'Uatubala', 180),
(851, 'Uaturau de Baixo', 180),
(852, 'Uaturau de Cima', 180),
(853, 'Assa-Nuno', 181),
(854, 'Bole Ha', 181),
(855, 'Butufalo', 181),
(856, 'Fatiliri', 181),
(857, 'Heu-Uai', 181),
(858, 'Laicua', 181),
(859, 'Borulau', 182),
(860, 'Buscaulari', 182),
(861, 'Lalulai', 182),
(862, 'Loilaco', 182),
(863, 'Uasi-Laua', 182),
(864, 'Buibata', 183),
(865, 'Larifano', 183),
(866, 'Larimuta', 183),
(867, 'Libagua', 183),
(868, 'Tirilolo', 183),
(869, 'Desagua', 184),
(870, 'Lalu Lai', 184),
(871, 'Lualari', 184),
(872, 'Samalari', 184),
(873, 'Sae Uata Issi', 184),
(874, 'Sorugua', 184),
(875, 'Bubuloma', 185),
(876, 'Lari-Ledana', 185),
(877, 'Lari Sula', 185),
(878, 'Lari Tau', 185),
(879, 'Lau Hare', 185),
(880, 'Riadae', 185),
(881, 'Saelari', 185),
(882, 'Samalolo', 185),
(883, 'Terubala', 185),
(884, 'Abuti', 186),
(885, 'Alasafa', 186),
(886, 'Auraba', 186),
(887, 'Beliuali', 186),
(888, 'Ia Sula', 186),
(889, 'Naha-Afa', 186),
(890, 'One-Bu\'o', 186),
(891, 'Samagata', 186),
(892, 'Selegua', 186),
(893, 'Sire-Buu', 186),
(894, 'Ulabuti', 186),
(895, 'Atelari', 187),
(896, 'Auraba', 187),
(897, 'Lauadae', 187),
(898, 'Liarafa', 187),
(899, 'Loilari', 187),
(900, 'Nelu Uai', 187),
(901, 'Samagata', 187),
(902, 'Siguilaba', 187),
(903, 'Sirimana', 187),
(904, 'Uatalofo', 187),
(905, 'Bulubai', 188),
(906, 'Caicasalari', 188),
(907, 'Iti-Daho', 188),
(908, 'Samaguia', 188),
(909, 'Butileo', 189),
(910, 'Laua-Liu', 189),
(911, 'Saraida', 189),
(912, 'Lacodala', 190),
(913, 'Mucububo', 190),
(914, 'Uaule', 190),
(915, 'Lebenei', 191),
(916, 'Lau-Mana', 191),
(917, 'Manome', 191),
(918, 'Ruta', 191),
(919, 'Uaidora', 191),
(920, 'Bocilai', 192),
(921, 'Defadae', 192),
(922, 'Macalira', 192),
(923, 'Caranu', 193),
(924, 'Sialimo', 193),
(925, 'Gamana', 193),
(926, 'Gugulai', 193),
(927, 'Eu-Afa', 194),
(928, 'Fae-Ua', 194),
(929, 'Laculela', 194),
(930, 'Saebere', 194),
(931, 'Uadaboru', 194),
(932, 'Lialura', 195),
(933, 'Osso-Messa', 195),
(934, 'Loilubo-Uagua', 196),
(935, 'Namanei', 196),
(936, 'Samafalo', 196),
(937, 'Ua-Robo', 196),
(938, 'Abo-Matebian', 197),
(939, 'Abo-Da\'e-Mena', 197),
(940, 'Abo-Lir', 197),
(941, 'Dauaduca', 198),
(942, 'Dessa', 198),
(943, 'Maluro', 198),
(944, 'Ossoliro', 198),
(945, 'Baticassa', 199),
(946, 'Uaidaba', 199),
(947, 'Uata-Liu', 199),
(948, 'Dara-Oma', 200),
(949, 'Saua-Cassa', 200),
(950, 'Lego', 200),
(951, 'Ulu-Soro', 200),
(952, 'Boralai', 201),
(953, 'Vecubuti', 201),
(954, 'Uligata', 201),
(955, 'Daicou', 202),
(956, 'Loirae', 202),
(957, 'Cirilaco', 202),
(958, 'Ua-Sufa', 202),
(959, 'Assa-Loqui', 203),
(960, 'Caranu', 203),
(961, 'Mumana', 203),
(962, 'Telaha', 203),
(963, 'Betulale', 204),
(964, 'Lor', 204),
(965, 'Oralan', 204),
(966, 'Raha', 204),
(967, 'Bahamori', 205),
(968, 'Caicua', 205),
(969, 'Bahamori', 206),
(970, 'Haunau', 206),
(971, 'Ostico', 206),
(972, 'Bahalale', 207),
(973, 'Naulale', 207),
(974, 'Uaiharabo\'o', 207),
(975, 'Caitaranau', 208),
(976, 'Nunoti', 208),
(977, 'Uaidau', 208),
(978, 'Caidenulale', 209),
(979, 'Hoineuai', 209),
(980, 'Lolinuno', 209),
(981, 'Uma Ana Ico', 209),
(982, 'Uaicnassa', 209),
(983, 'Lari', 210),
(984, 'Mota', 210),
(985, 'Lia Bala', 211),
(986, 'Ossogori', 211),
(987, 'Uai-Tali-Buu', 211),
(988, 'Uatu Uasa', 211),
(989, 'Caubai', 212),
(990, 'Caihurulale de Baixo', 212),
(991, 'Caihurulale de Cima', 212),
(992, 'Luha Oli', 212),
(993, 'Uataula', 213),
(994, 'Uaibobo', 213),
(995, 'Uaicana', 213),
(996, 'Uatubela Oli', 213),
(997, 'Uma Ana Ico', 213),
(998, 'Caimale-Hoo', 214),
(999, 'Cumo-Oli', 214),
(1000, 'Laco-Uma', 214),
(1001, 'Lia-Oli', 214),
(1002, 'Neo-Hoo', 214),
(1003, 'Uai-Toqui', 214),
(1004, 'Aca Uatu', 215),
(1005, 'Luli Bau', 215),
(1006, 'Uatu Missa', 215),
(1007, 'Bahadato', 216),
(1008, 'Uatulia-Ana', 216),
(1009, 'Osso-Uaque', 216),
(1010, 'Uai-To-Bono', 216),
(1011, 'Caihula', 217),
(1012, 'Nuno Doco', 217),
(1013, 'Osso-Gui-Gui', 217),
(1014, 'Venilale', 217),
(1015, 'Betunau', 218),
(1016, 'Quele-Boro-Uai', 218),
(1017, 'Uatu-Nau', 218),
(1018, 'Uai-Te', 218),
(1019, 'Aidabaleten', 219),
(1020, 'Biacou', 219),
(1021, 'Harame', 219),
(1022, 'Tutubaba', 219),
(1023, 'Meguir', 219),
(1024, 'Sulilaran', 219),
(1025, 'Tasi Mean', 219),
(1026, 'Aidabaleten', 220),
(1027, 'Aidabasalala', 220),
(1028, 'Boloi', 220),
(1029, 'Faturase', 221),
(1030, 'Limanaro', 221),
(1031, 'Rairobo', 221),
(1032, 'Vila Maria', 221),
(1033, 'Faturesi', 222),
(1034, 'Hel-Lesu', 222),
(1035, 'Lolocolo', 222),
(1036, 'Made Bau', 222),
(1037, 'Saburapo', 222),
(1038, 'Amandato', 223),
(1039, 'Atara', 223),
(1040, 'Balibo Vila', 223),
(1041, 'Belola', 223),
(1042, 'Bui Lecun', 223),
(1043, 'Fatululic', 223),
(1044, 'Fatuc Laran', 223),
(1045, 'Ai-Asa', 224),
(1046, 'Falo Ai', 224),
(1047, 'Feric Catuas', 224),
(1048, 'Mohac', 224),
(1049, 'Rai Ulun', 224),
(1050, 'Bour', 225),
(1051, 'Dua Deroc', 225),
(1052, 'Fatu Rui', 225),
(1053, 'Rai Fatuc', 225),
(1054, 'Bau Ai', 226),
(1055, 'Futatas', 226),
(1056, 'Lalis', 226),
(1057, 'Mane Hat', 226),
(1058, 'Rai Luli', 226),
(1059, 'Cacu', 227),
(1060, 'Palaca', 227),
(1061, 'Suba Lesu', 227),
(1062, 'Batugade', 228),
(1063, 'Lotan', 228),
(1064, 'Nu Badac', 228),
(1065, 'Lactil', 229),
(1066, 'Lesigatal', 229),
(1067, 'Tazmasac', 229),
(1068, 'Tuluata', 229),
(1069, 'Malilait', 230),
(1070, 'Malilu', 230),
(1071, 'Taimea', 230),
(1072, 'Gumer', 231),
(1073, 'Lourba Leten', 231),
(1074, 'Sordoli', 231),
(1075, 'Zo-Belis', 231),
(1076, 'Ai-Aras', 232),
(1077, 'Soilesu', 232),
(1078, 'Atuaben', 233),
(1079, 'Talite', 233),
(1080, 'Ilat-Laun', 234),
(1081, 'Purugoa', 234),
(1082, 'Tunero', 234),
(1083, 'Atu Lara', 235),
(1084, 'Hatu-Udu', 235),
(1085, 'Mali-Ubu', 235),
(1086, 'Nunupa', 235),
(1087, 'Atublogo', 236),
(1088, 'Bea Moas', 236),
(1089, 'Loo Dasi', 236),
(1090, 'Manunia', 236),
(1091, 'Tego Abe', 236),
(1092, 'Atu-Pae', 237),
(1093, 'Bugas', 237),
(1094, 'Tebabui', 237),
(1095, 'Atu-Manaro', 238),
(1096, 'Carabau', 238),
(1097, 'Nunubuti', 238),
(1098, 'Tasibalu', 238),
(1099, 'Udu-Ai', 238),
(1100, 'Ai-Meta', 239),
(1101, 'Oboe', 239),
(1102, 'Ai-Assa', 240),
(1103, 'Aisal-Gusun', 240),
(1104, 'Laho', 240),
(1105, 'Mazop', 240),
(1106, 'Oal-Gomo', 240),
(1107, 'Odelgomo', 240),
(1108, 'Molo Guen', 241),
(1109, 'Oe-Leu Taz', 241),
(1110, 'Oe-Po', 242),
(1111, 'Tapo', 242),
(1112, 'Butuc', 243),
(1113, 'Hol-Bece', 243),
(1114, 'Holsa Taz', 243),
(1115, 'Leber-Taz', 243),
(1116, 'Mabelis', 243),
(1117, 'Holmesel', 244),
(1118, 'Mape-Op', 244),
(1119, 'Sibuni', 244),
(1120, 'Omelai', 245),
(1121, 'Leo Balu', 245),
(1122, 'Lonlolo', 245),
(1123, 'Molop Taz', 245),
(1124, 'Gali Taz', 246),
(1125, 'Heliquei', 246),
(1126, 'Olo-Olo', 246),
(1127, 'Taz-Golo', 246),
(1128, 'Daruasa', 247),
(1129, 'Lete Aitutu', 247),
(1130, 'Oho Ana', 247),
(1131, 'Atubuti', 248),
(1132, 'Biateho', 248),
(1133, 'Nuapu', 248),
(1134, 'Tuturema', 248),
(1135, 'Ilat Bote', 249),
(1136, 'Malilea', 249),
(1137, 'Suri Ubu', 249),
(1138, 'Bia Boro', 250),
(1139, 'Mele Maga', 250),
(1140, 'Tiri Moso', 250),
(1141, 'Bere Leu', 251),
(1142, 'Dau Lelo', 251),
(1143, 'Lia Bote', 251),
(1144, 'Mude', 251),
(1145, 'Lugu Luli', 252),
(1146, 'Tapo Meac', 252),
(1147, 'Tetelori', 252),
(1148, 'Cauloco Lete', 253),
(1149, 'Sah-Heu', 253),
(1150, 'Heda', 254),
(1151, 'Lesu Pu', 254),
(1152, 'Mape', 255),
(1153, 'Rai Mea', 255),
(1154, 'Tepa', 255),
(1155, 'Dilai', 256),
(1156, 'Lupaltaz', 256),
(1157, 'Silagolo', 256),
(1158, 'Bou-Tal', 257),
(1159, 'Gole', 257),
(1160, 'Oe-Laca', 257),
(1161, 'Anon', 258),
(1162, 'Gudataz', 258),
(1163, 'Oceli', 258),
(1164, 'Zoilpo', 258),
(1165, 'Mabelis', 259),
(1166, 'Mapelai', 259),
(1167, 'Atus', 260),
(1168, 'Gildapil', 260),
(1169, 'Ozo', 261),
(1170, 'Piron', 261),
(1171, 'Tas Mil', 261),
(1172, 'Galusapulu', 262),
(1173, 'Guenuha\'an', 262),
(1174, 'Hatulaca', 262),
(1175, 'Lahomea', 262),
(1176, 'Maliana', 262),
(1177, 'Nunutana', 263),
(1178, 'Raifun Vila', 263),
(1179, 'Raifun Foho', 263),
(1180, 'Cor Luli', 264),
(1181, 'Dai Tete', 264),
(1182, 'Diru Aben', 264),
(1183, 'Hale Cou', 264),
(1184, 'Maganutu', 264),
(1185, 'Ma\'a Hui', 264),
(1186, 'Moleana', 264),
(1187, 'Uat', 264),
(1188, 'Ritabou', 264),
(1189, 'Riti Udu', 264),
(1190, 'Same Laun', 264),
(1191, 'Ti Matan', 264),
(1192, 'Ana Hun', 265),
(1193, 'Guenuha\'an', 265),
(1194, 'Rai Maten', 265),
(1195, 'Rocon', 265),
(1196, 'Bili Cou', 266),
(1197, 'Lolooa', 266),
(1198, 'Op Legul', 266),
(1199, 'Solugolo', 266),
(1200, 'Tas', 266),
(1201, 'Ulu Atin', 267),
(1202, 'Lepguen', 267),
(1203, 'Manu Aman', 267),
(1204, 'Pip Galag 1', 267),
(1205, 'Pip Galag 2', 267),
(1206, 'Tunu Bibi', 267),
(1207, 'Cossal', 268),
(1208, 'Mabil-Oa', 268),
(1209, 'Aitoun', 269),
(1210, 'Beco', 269),
(1211, 'Beidasi', 269),
(1212, 'Lia Nain', 270),
(1213, 'Taroman', 270),
(1214, 'Fatuloro', 270),
(1215, 'Holba', 270),
(1216, 'Macous', 270),
(1217, 'Fatumea', 271),
(1218, 'Lebo', 271),
(1219, 'Moata Ulun', 271),
(1220, 'Rai Oan', 271),
(1221, 'Fatuc Bitic Laran', 272),
(1222, 'Fatuc Laran', 272),
(1223, 'Loo Hali', 272),
(1224, 'Loroquida', 272),
(1225, 'Sadahur', 272),
(1226, 'Aitos', 273),
(1227, 'Fatulidun', 273),
(1228, 'Hali-Laran', 273),
(1229, 'Au-Lulic', 274),
(1230, 'Fatuc Laran', 274),
(1231, 'Cacaut', 274),
(1232, 'Calobor', 274),
(1233, 'Fatuc Cabuar Craic', 275),
(1234, 'Fatuc Cabuar Leten', 275),
(1235, 'Natardic', 275),
(1236, 'Loro', 276),
(1237, 'Uma Claran', 276),
(1238, 'Lale', 277),
(1239, 'Leogol', 277),
(1240, 'Obuc Mil', 277),
(1241, 'Zulo Tas', 277),
(1242, 'Biata', 278),
(1243, 'Colu', 278),
(1244, 'Fatuleto Canua', 278),
(1245, 'Nalaop', 278),
(1246, 'Zobete', 278),
(1247, 'Lae Gatal', 279),
(1248, 'Uluc Lolo', 279),
(1249, 'Aisal Leuc', 280),
(1250, 'Lepo Canua', 280),
(1251, 'Baulolo', 280),
(1252, 'Biatuma', 280),
(1253, 'Horba', 280),
(1254, 'Daro', 281),
(1255, 'Mape Canua', 281),
(1256, 'Polo', 281),
(1257, 'Leudula', 282),
(1258, 'Reaçu', 282),
(1259, 'Ailoc Laran', 283),
(1260, 'Fatuisin', 283),
(1261, 'Manequin', 283),
(1262, 'Busacucun', 284),
(1263, 'Laconac Babu', 284),
(1264, 'Laconac Besic', 284),
(1265, 'Lontale', 284),
(1266, 'Acar Laran', 285),
(1267, 'Loo', 285),
(1268, 'Mane Icun', 285),
(1269, 'Sucabe Laran', 285),
(1270, 'Suco Loro', 285),
(1271, 'Holba', 286),
(1272, 'Meop', 286),
(1273, 'Bonuc', 286),
(1274, 'Mucbelis', 286),
(1275, 'Roec', 286),
(1276, 'Aidantuic', 287),
(1277, 'Beco', 287),
(1278, 'Haemanu', 287),
(1279, 'Holbolu', 287),
(1280, 'Teda', 287),
(1281, 'Tobur', 287),
(1282, 'Asurai', 284),
(1283, 'Asumaten', 284),
(1284, 'Baer', 288),
(1285, 'Fatuc Metan', 288),
(1286, 'Foholulic', 288),
(1287, 'Maubesi', 288),
(1288, 'Niquiir', 288),
(1289, 'Wala', 288),
(1290, 'Wetaba', 288),
(1291, 'Caicoli', 289),
(1292, 'Coitau', 289),
(1293, 'Sadahur', 289),
(1294, 'Ai Oan', 290),
(1295, 'Kota Foun', 290),
(1296, 'Salele Bot', 290),
(1297, 'Tulaeduc', 290),
(1298, 'Cawa Uman', 291),
(1299, 'Coloama', 291),
(1300, 'Tabolo', 291),
(1301, 'Baulela', 292),
(1302, 'Foho Rua', 292),
(1303, 'Ogues', 292),
(1304, 'Orun', 292),
(1305, 'Soga', 292),
(1306, 'Quiar', 293),
(1307, 'Maior/Cunain', 293),
(1308, 'Lohorai', 293),
(1309, 'Fatuc Oan', 294),
(1310, 'Leogore', 294),
(1311, 'Manulor', 294),
(1312, 'Nainare', 294),
(1313, 'Duut', 295),
(1314, 'Loloba', 295),
(1315, 'XX-Eclae', 296),
(1316, 'XX-Ilimanu', 296),
(1317, 'XX-Ilitecaraquia', 296),
(1318, 'XX-Fatulela', 297),
(1319, 'XX-Macelihu', 297),
(1320, 'XX-Mau-Laku', 297),
(1321, 'XX-Mau-Meta', 297),
(1322, 'XX-Adara', 298),
(1323, 'XX-Arlo', 298),
(1324, 'XX-Maquer', 298),
(1325, 'XX-Usubemaço', 298),
(1326, 'XX-Anartuto', 299),
(1327, 'XX-Berau', 299),
(1328, 'XX-Bite', 299),
(1329, 'XX-Ili-Timur', 299),
(1330, 'XX-Uaro-Ana', 300),
(1331, 'XX-Ilicnamo', 300),
(1332, 'XX-Ilidua Douro', 300),
(1333, 'XX-Pala', 300),
(1334, 'Funu Hotu', 301),
(1335, 'Lao Rai/Caregatiro', 301),
(1336, 'Loe Laco', 301),
(1337, 'Nato', 301),
(1338, 'Soru Motu Badame', 301),
(1339, 'Tane Muto', 301),
(1340, 'Becusi Centro', 302),
(1341, 'Au-Hun', 302),
(1342, 'Berebidu', 302),
(1343, 'Caqueu Laran', 302),
(1344, 'Clac Fuic', 302),
(1345, 'Becusi Craic', 302),
(1346, 'Maucocomate', 302),
(1347, 'Acanuno', 303),
(1348, 'Ailoc Laran', 303),
(1349, 'Hali Dolar', 303),
(1350, 'Moris Foun', 303),
(1351, 'Mota Quic', 303),
(1352, 'Sucaer Laran', 303),
(1353, 'Fatu Loda', 304),
(1354, 'Lacoto', 304),
(1355, 'Lorico', 304),
(1356, 'Tancae', 304),
(1357, 'Culau Laletec', 302),
(1358, 'XX-Malboro/Maliqueo', 302),
(1359, 'Ailele Hun', 305),
(1360, 'Ailoc Laran', 305),
(1361, 'Has Laran', 305),
(1362, 'Lenuc Hun', 305),
(1363, 'Suco Laran', 305),
(1364, '17 de Abril', 306),
(1365, 'Carungu Lau', 306),
(1366, 'Fatu Cama', 306),
(1367, 'Bidau Mota Claran', 307),
(1368, 'Manu Mata', 307),
(1369, 'Toko Baru', 307),
(1370, 'Sagrada Familia', 307),
(1371, 'Zero V', 308),
(1372, 'Zero II', 308),
(1373, 'Zero IV', 308),
(1374, 'Zero III', 308),
(1375, 'Zero I', 308),
(1376, 'Andevil', 309),
(1377, 'Frecat', 309),
(1378, 'Hale Mutin', 309),
(1379, 'Laloran', 309),
(1380, 'Licarapoma', 309),
(1381, 'Rai Nain', 309),
(1382, 'São Jose', 309),
(1383, 'Teki-Teki', 309),
(1384, 'Terus Nanis', 309),
(1385, 'Xamatama', 309),
(1386, '12 de Outubro', 310),
(1387, '30 de Agosto', 310),
(1388, '4 de Setembro', 310),
(1389, 'Golgota', 310),
(1390, 'Moris Foun', 310),
(1391, 'Hamahon', 311),
(1392, 'Rai Lacan', 311),
(1393, 'XX-Metin II', 310),
(1394, 'XX-Metin I', 310),
(1395, 'XX-Metin III', 310),
(1396, 'XX-Beto Tasi', 310),
(1397, 'Posto Penal', 310),
(1398, 'Fomento III', 310),
(1399, 'Mate Lahotu B.T.', 310),
(1400, 'São José', 310),
(1401, 'São Miguel', 310),
(1402, 'Ramelau Delta', 310),
(1403, 'Behauc', 312),
(1404, 'Behoquir', 312),
(1405, 'Sabuli', 312),
(1406, 'Rai-Mean', 313),
(1407, 'Donoge', 314),
(1408, 'Moris Foun', 314),
(1409, 'Mura', 314),
(1410, 'Ailele Hun', 315),
(1411, 'Baba Liu Rai Leste', 315),
(1412, 'Baba Liu Rai Oeste', 315),
(1413, 'Bemori Central', 315),
(1414, 'Alcrin', 316),
(1415, 'Deambata Bessi', 316),
(1416, 'Deposito Penal', 316),
(1417, 'Marabia', 316),
(1418, 'Monumento Calma', 316),
(1419, 'Vale de Lahane', 316),
(1420, 'Alto P.M.', 317),
(1421, 'Alto Balide', 317),
(1422, 'Baixo Balide', 317),
(1423, 'Baixo P.M.', 317),
(1424, 'Aldeia 03', 317),
(1425, 'Manu Cocorec', 317),
(1426, 'De 12 Divino', 318),
(1427, 'Foho Rai Boot', 318),
(1428, 'Sacoco', 318),
(1429, 'Centro da Unidade', 318),
(1430, 'Coalau II', 319),
(1431, 'Coalau I', 319),
(1432, 'Fila Beba Tua', 319),
(1433, 'Leilaus', 319),
(1434, 'Suca Lau', 319),
(1435, 'Airae', 320),
(1436, 'Batubala', 320),
(1437, 'Dadubere', 320),
(1438, 'Mania', 320),
(1439, 'Tapoabe', 320),
(1440, 'Coilequi', 321),
(1441, 'Ilat', 321),
(1442, 'Liabe', 321),
(1443, 'Raelau', 321),
(1444, 'Atudose', 322),
(1445, 'Cailulik', 322),
(1446, 'Colimali', 322),
(1447, 'Lauabe', 322),
(1448, 'Lelobere', 322),
(1449, 'Raibuti', 322),
(1450, 'Batuu', 323),
(1451, 'Batu Ero', 323),
(1452, 'Batumano', 323),
(1453, 'Mutubau', 323),
(1454, 'Aiabe', 324),
(1455, 'Ataubu', 324),
(1456, 'Nunumea', 324),
(1457, 'Taiubu', 324),
(1458, 'Ahigara', 325),
(1459, 'Biabuti', 325),
(1460, 'Buibaro', 325),
(1461, 'Leulara', 325),
(1462, 'Olacata', 325),
(1463, 'Orbeto', 325),
(1464, 'Raebou', 325),
(1465, 'Raelia', 325),
(1466, 'Aileso', 326),
(1467, 'Malitada', 326),
(1468, 'Sorate', 326),
(1469, 'Tapomea', 326),
(1470, 'Biabote', 327),
(1471, 'Purogua', 327),
(1472, 'Sirui/Purogoa', 327),
(1473, 'Batumigi', 328),
(1474, 'Bobaleta', 328),
(1475, 'Ilat Kora', 328),
(1476, 'Malabe', 328),
(1477, 'Atulara', 329),
(1478, 'Biliubu', 329),
(1479, 'Atubrao', 329),
(1480, 'Locoubu', 329),
(1481, 'Motoubu', 329),
(1482, 'Obeto', 329),
(1483, 'Suriubu', 329),
(1484, 'Kota Bot', 330),
(1485, 'Soilakudu', 330),
(1486, 'Tiar Lelo-Ilat', 330),
(1487, 'Airae', 331),
(1488, 'Aliatu', 331),
(1489, 'Asio', 331),
(1490, 'Atubuti', 331),
(1491, 'Atupae', 331),
(1492, 'Ilat', 331),
(1493, 'Malimea/Uabe', 320),
(1494, 'Biluli', 332),
(1495, 'Gueguemara', 332),
(1496, 'Lequisi', 332),
(1497, 'Loblala', 332),
(1498, 'Poepun', 332),
(1499, 'Rematu', 332),
(1500, 'Samatrae', 332),
(1501, 'Taklela', 332),
(1502, 'Tidibessi', 332),
(1503, 'Urletoho', 332),
(1504, 'Urluli', 332),
(1505, 'Poetete Vila', 332),
(1506, 'Cota Heu', 333),
(1507, 'Eroho', 333),
(1508, 'Hatuposi', 333),
(1509, 'Nunupu', 333),
(1510, 'Sakoko', 333),
(1511, 'Apido', 334),
(1512, 'Railori', 334),
(1513, 'Tatabauria', 334),
(1514, 'Hatuleta', 335),
(1515, 'Leguimea', 335),
(1516, 'Poehei', 335),
(1517, 'Sinlelo', 335),
(1518, 'Tidir', 335),
(1519, 'Titihar', 335),
(1520, 'Gomhei', 336),
(1521, 'Hatlour', 336),
(1522, 'Mangero', 336),
(1523, 'Raebliri', 336),
(1524, 'Sasoher', 336),
(1525, 'Leberti', 337),
(1526, 'Moris Foun', 337),
(1527, 'Nunusua', 337),
(1528, 'Lima Mesak', 337),
(1529, 'Bura', 337),
(1530, 'Tatoli', 338),
(1531, 'Huitaso', 338),
(1532, 'Indau Lulik', 338),
(1533, 'Hamrik Metin', 338),
(1534, 'Lihmo', 338),
(1535, 'Coulao Haburas', 338),
(1536, 'Moris Mesak', 338),
(1537, 'Railakan', 338),
(1538, 'Tajaquina', 338),
(1539, 'Coração de Jesus', 338),
(1540, 'Saramata', 338),
(1541, 'Sinai', 338),
(1542, 'Lohmo', 339),
(1543, 'Mate Resto', 339),
(1544, 'Moris Foun', 339),
(1545, 'Nazare', 339),
(1546, 'Rai Maran', 339),
(1547, 'Timlele Buras', 339),
(1548, 'Borohei', 340),
(1549, 'Dirlau', 340),
(1550, 'Hatali', 340),
(1551, 'Poeana', 340),
(1552, 'XX-Aimeraulo', 341),
(1553, 'XX-Hatu Batu', 341),
(1554, 'XX-Hohopu', 341),
(1555, 'XX-Simohei', 341),
(1556, 'XX-Bauana', 342),
(1557, 'XX-Cuccara', 342),
(1558, 'XX-Hatete', 342),
(1559, 'XX-Lugulaulau', 342),
(1560, 'XX-Otete', 342),
(1561, 'XX-Petalara', 343),
(1562, 'XX-Railuli', 343),
(1563, 'XX-Betopu', 344),
(1564, 'XX-Leirema', 344),
(1565, 'XX-Santa Cruz', 344),
(1566, 'XX-Tata', 344),
(1567, 'XX-Gaelema', 345),
(1568, 'XX-Hatupae', 345),
(1569, 'XX-Lauraehou', 345),
(1570, 'XX-Naumanaro', 345),
(1571, 'XX-Tataeulo', 345),
(1572, 'XX-Tidibessi', 345),
(1573, 'XX-Gunutur', 346),
(1574, 'XX-Hatupae', 346),
(1575, 'XX-Laquiama', 346),
(1576, 'XX-Aihatadiu', 347),
(1577, 'XX-Cletrema', 347),
(1578, 'XX-Hau-Hei', 347),
(1579, 'XX-Manulete', 347),
(1580, 'XX-Manucate', 347),
(1581, 'XX-Raegoa', 347),
(1582, 'XX-Teuro', 347),
(1583, 'XX-Aitemua', 348),
(1584, 'XX-Apirado', 348),
(1585, 'XX-Fatubolo', 348),
(1586, 'XX-Poerema', 348),
(1587, 'XX-Caiturloa', 349),
(1588, 'XX-Dosmagar', 349),
(1589, 'XX-Hatlaitete', 349),
(1590, 'XX-Laulema', 349),
(1591, 'XX-Manuhatu', 349),
(1592, 'XX-Raimean', 349),
(1593, 'XX-Arleu', 350),
(1594, 'XX-Caisoru', 350),
(1595, 'XX-Grotu', 350),
(1596, 'XX-Leburema', 350),
(1597, 'XX-Bermoslau', 351),
(1598, 'XX-Dirhatilau', 351),
(1599, 'XX-Noerema', 351),
(1600, 'XX-Poelete', 351),
(1601, 'XX-Raimate', 351),
(1602, 'XX-Sare', 351),
(1603, 'XX-Brug-Bou', 352),
(1604, 'XX-Leo-Dato', 352),
(1605, 'XX-Assulau Hautete', 353),
(1606, 'XX-Lebumeo', 353),
(1607, 'XX-Matanoba', 353),
(1608, 'XX-Peregrinação', 353),
(1609, 'XX-São Francisco', 353),
(1610, 'XX-Sabsoi', 353),
(1611, 'Cailiti', 354),
(1612, 'Hatugau', 354),
(1613, 'Hunda', 354),
(1614, 'Riaheu', 354),
(1615, 'Rialau', 354),
(1616, 'Sauria', 354),
(1617, 'Assui Kraik', 355),
(1618, 'Assui Leten', 355),
(1619, 'Eratoi', 355),
(1620, 'Hatuhei', 355),
(1621, 'Lacau', 355),
(1622, 'Laklo', 355),
(1623, 'Lebululi', 355),
(1624, 'Leubudu', 355),
(1625, 'Manusae', 355),
(1626, 'Raerema', 355),
(1627, 'Renomata', 355),
(1628, 'Rotutu', 355),
(1629, 'Sabelo', 355),
(1630, 'Beturema', 356),
(1631, 'Cailiti', 356),
(1632, 'Goulala', 356),
(1633, 'Goulolo', 356),
(1634, 'Darudu', 357),
(1635, 'Lequi Sala', 357),
(1636, 'Goulala', 357),
(1637, 'Madede', 357),
(1638, 'Olopana', 357),
(1639, 'Taurema', 357),
(1640, 'Baulisuria', 358),
(1641, 'Colo Coli', 358),
(1642, 'Hatugeo', 358),
(1643, 'Hatulete', 358),
(1644, 'Hatudmei', 358),
(1645, 'Leburema', 358),
(1646, 'Manturai', 358),
(1647, 'Manucoliria', 358),
(1648, 'Mausormata', 358),
(1649, 'Duhoho', 359),
(1650, 'Fahiluha', 359),
(1651, 'Hohulo', 359),
(1652, 'Lumutou', 359),
(1653, 'Merigue', 359),
(1654, 'Raebou', 359),
(1655, 'Tunufahi', 359),
(1656, 'Alosai', 360),
(1657, 'Grotu', 360),
(1658, 'Hatugeo', 360),
(1659, 'Leubasa', 360),
(1660, 'Liabe', 360),
(1661, 'Lemiluhi', 360),
(1662, 'Quiri Lelo', 360),
(1663, 'Raebou/Ainapa', 360),
(1664, 'Roulo', 360),
(1665, 'Raebou/Sloi', 360),
(1666, 'Hi', 361),
(1667, 'Camalpun', 361),
(1668, 'Camalraehei', 361),
(1669, 'Raeudu', 361),
(1670, 'Colaco', 362),
(1671, 'Mauane', 362),
(1672, 'Tarmausoru', 362),
(1673, 'Titibuti', 362),
(1674, 'Kaisahe', 363),
(1675, 'Marobo', 363),
(1676, 'Caitarahei', 364),
(1677, 'Palimano', 364),
(1678, 'Colhuinamo', 365),
(1679, 'Darema', 365),
(1680, 'Manuponihei', 365),
(1681, 'Tuileso', 365),
(1682, 'Tunlero', 365),
(1683, 'Cucoa', 366),
(1684, 'Fatucado', 366),
(1685, 'Riamori', 366),
(1686, 'Sobrequeque', 366),
(1687, 'Aiurlala', 367),
(1688, 'Eraulo', 367),
(1689, 'Leburema', 367),
(1690, 'Boeh-Mata', 368),
(1691, 'Lebubo', 368),
(1692, 'Datoleo', 369),
(1693, 'Laqueco', 369),
(1694, 'Bazartete', 370),
(1695, 'Durubasa', 370),
(1696, 'Legumea', 370),
(1697, 'Metir', 370),
(1698, 'Assorlema', 371),
(1699, 'Caleulema', 371),
(1700, 'Metiluli', 371),
(1701, 'Baura', 372),
(1702, 'Bucumera', 372),
(1703, 'Ergoa', 372),
(1704, 'Hatu-Hou', 372),
(1705, 'Fatunero', 372),
(1706, 'Cutulau', 372),
(1707, 'Manu-Lete', 372),
(1708, 'Railuli', 372),
(1709, 'Urema', 372),
(1710, 'Urluli', 372),
(1711, 'Caimegulo', 373),
(1712, 'Camalehou', 373),
(1713, 'Pissu Craic', 373),
(1714, 'Pissu Lete', 373),
(1715, 'Raucassa', 373),
(1716, 'Darmudapu', 374),
(1717, 'Caimegohou', 374),
(1718, 'Maumetalau', 374),
(1719, 'Nartutu', 374),
(1720, 'Classo', 375),
(1721, 'Mau-Luto', 375),
(1722, 'Mota Icun', 375),
(1723, 'Fatubesilolo', 376),
(1724, 'Mane-Mori', 376),
(1725, 'Neran', 376),
(1726, 'Libaulelo', 377),
(1727, 'Turleu', 377),
(1728, 'Fatuneso', 378),
(1729, 'Tuhilo Craic', 378),
(1730, 'Tuhilo Leten', 378),
(1731, 'Caibuilimo', 379),
(1732, 'Quirilelo', 379),
(1733, 'Hecar', 379),
(1734, 'Camalehohoru', 379),
(1735, 'Camalelara', 379),
(1736, 'Laclolema', 379),
(1737, 'Leopa', 379),
(1738, 'Lisa-Ico', 379),
(1739, 'Puquelara', 379),
(1740, 'Caicoletohoho', 380),
(1741, 'Caidico', 380),
(1742, 'Hatarlema', 380),
(1743, 'Hatuquessilete', 380),
(1744, 'Lebusalara', 380),
(1745, 'Nunubrihati', 380),
(1746, 'Nunuhou', 380),
(1747, 'Tautalo', 380),
(1748, 'Cotalara', 381),
(1749, 'Hatululi', 381),
(1750, 'Manucol-Hata', 381),
(1751, 'Soatala', 381),
(1752, 'Hunehei', 382),
(1753, 'Lebuana', 382),
(1754, 'Metagou', 382),
(1755, 'Natarae', 382),
(1756, 'Caimegoluli', 383),
(1757, 'Hatumasi', 383),
(1758, 'Lepa', 383),
(1759, 'Manati', 383),
(1760, 'Tolema', 383),
(1761, 'Caileli', 384),
(1762, 'Carulema', 384),
(1763, 'Lebu-Ae', 384),
(1764, 'Manupatia', 384),
(1765, 'Caicasaico', 385),
(1766, 'Quirilelo', 385),
(1767, 'Hatumatilu', 385),
(1768, 'Siscoelema', 385),
(1769, 'Darulara', 386),
(1770, 'Delesuvati', 386),
(1771, 'Lebumeta', 386),
(1772, 'Morae', 386),
(1773, 'Nunuana', 386),
(1774, 'Pametapu', 386),
(1775, 'Vila', 386),
(1776, 'Bautalo', 387),
(1777, 'Darulema', 387),
(1778, 'Glai', 387),
(1779, 'Cai-Cassa', 387),
(1780, 'Lebuhae', 387),
(1781, 'Manuquibia', 387),
(1782, 'Nunu Lisa', 387),
(1783, 'Cai-Cassa', 388),
(1784, 'Dair', 388),
(1785, 'Erito', 388),
(1786, 'Lautecas', 388),
(1787, 'Lauvou', 388),
(1788, 'Lebulugor', 388),
(1789, 'Lissa-Lara', 388),
(1790, 'Palistla', 388),
(1791, 'Puquelete', 388),
(1792, 'Raenaba', 388),
(1793, 'Vatumori', 388),
(1794, 'Baiquenulau', 389),
(1795, 'Darulema', 389),
(1796, 'Lissalara', 389),
(1797, 'Nunulete', 389),
(1798, 'Vatuguili', 389),
(1799, 'Bouraevei', 390),
(1800, 'Gariana', 390),
(1801, 'Lebucailiti', 390),
(1802, 'Lissa-Ico', 390),
(1803, 'Lissalara', 390),
(1804, 'Manuquibia', 390),
(1805, 'Mau-Ubu', 390),
(1806, 'Raeme', 390),
(1807, 'Samanaru', 390),
(1808, 'Vatu-Nau', 390),
(1809, 'Caicassavou', 391),
(1810, 'Irlelo', 391),
(1811, 'Mau-Uno', 391),
(1812, 'Pandevou', 391),
(1813, 'Vatu-Vei', 391),
(1814, 'Cai-Bair', 392),
(1815, 'Raeglelu', 392),
(1816, 'Sabulau', 392),
(1817, 'Tatamolobu', 392),
(1818, 'Vaupu', 392),
(1819, 'Ara\'Ara', 393),
(1820, 'Caentau', 393),
(1821, 'Iliomar', 393),
(1822, 'Ossohira', 393),
(1823, 'Vatamatar', 393),
(1824, 'Acara', 394),
(1825, 'Boquila', 394),
(1826, 'Caidabu', 394),
(1827, 'Lihina', 394),
(1828, 'Madarira', 394),
(1829, 'Marafal', 395),
(1830, 'Heitali', 395),
(1831, 'Lalumato', 395),
(1832, 'Leilor', 395),
(1833, 'Acadirulo', 396),
(1834, 'Rumutau', 396),
(1835, 'Vataomar', 396),
(1836, 'Caidavalarin', 397),
(1837, 'Larimi', 397),
(1838, 'Liufalun', 397),
(1839, 'Maluhira', 397),
(1840, 'Titiravein', 397),
(1841, 'Etevata', 398),
(1842, 'Tatalalarin', 398),
(1843, 'Tirilolo', 398),
(1844, 'Iparira', 399),
(1845, 'Iraara', 399),
(1846, 'Laiara', 399),
(1847, 'Moro', 399),
(1848, 'Soiquili', 399),
(1849, 'Etepiti', 400),
(1850, 'Ira\'Ono', 400),
(1851, 'Lohomato', 400),
(1852, 'Muapusso', 400),
(1853, 'Pitileti', 400),
(1854, 'Vailovaia', 400),
(1855, 'Caporo', 401),
(1856, 'Ira-Tchau', 401),
(1857, 'Levono', 401),
(1858, 'Puno', 401),
(1859, 'Dauluturo', 402),
(1860, 'Mauvedara', 402),
(1861, 'Narunteino', 402),
(1862, 'Paiahara', 402),
(1863, 'Soleresi', 402),
(1864, 'Irapala', 403),
(1865, 'Laculomano', 403),
(1866, 'Luadau', 403),
(1867, 'Malailada', 403),
(1868, 'Tamaro', 403),
(1869, 'Codo', 404),
(1870, 'Queduloro', 404),
(1871, 'Lereado', 404),
(1872, 'Lereira', 404),
(1873, 'Oirata', 404),
(1874, 'Adavari', 405),
(1875, 'Poruvari', 405),
(1876, 'Raano', 405),
(1877, 'Aelafa', 406),
(1878, 'Anarua', 406),
(1879, 'Macalodo', 406),
(1880, 'Nassuloi', 406),
(1881, 'Sagueli', 406),
(1882, 'Samaira', 406),
(1883, 'Uanambere', 406),
(1884, 'Vassatoi', 406),
(1885, 'Samalari', 407),
(1886, 'Titilari', 407),
(1887, 'Barliu', 408),
(1888, 'Borubatu', 408),
(1889, 'Vaniria', 408),
(1890, '30 de Agosto', 409),
(1891, 'Assalaino', 409),
(1892, 'Central', 409),
(1893, 'Lereloho', 409),
(1894, 'Ira\'Ara', 409),
(1895, 'Kuluhun', 409),
(1896, 'Lospala', 409),
(1897, 'Nakroman', 409),
(1898, 'Tchauluturo', 409),
(1899, 'Titilari', 409),
(1900, 'Maulo\'O', 410),
(1901, 'Bauro', 411),
(1902, 'Iralafai', 411),
(1903, 'Luarai', 411),
(1904, 'Sepelata', 411),
(1905, 'Somotcho', 411),
(1906, 'Tchenuloro', 412),
(1907, 'Larinatcha', 412),
(1908, 'Lilapuhu', 412),
(1909, 'Reisoru', 412),
(1910, 'Tchaivatcha', 413),
(1911, 'Foema\'a', 413),
(1912, 'Louro', 413),
(1913, 'Nairete', 413),
(1914, 'Nanacuro', 413),
(1915, 'Omocano', 413),
(1916, 'Soru-Lua', 413),
(1917, 'Leuro', 414),
(1918, 'Luturula', 414),
(1919, 'Soro Moco', 414),
(1920, 'Tcharano', 414),
(1921, 'Tcharano', 415),
(1922, 'Laiara', 415),
(1923, 'Paihira', 415),
(1924, 'Solepara', 415),
(1925, 'xx-Horolata', 416),
(1926, 'xx-Maluro', 416),
(1927, 'xx-Otcho-Tchau', 416),
(1928, 'XX-Titilari', 416),
(1929, 'XX-Tchai', 416),
(1930, 'XX-Vailana', 416),
(1931, 'xx-Haitupuca', 417),
(1932, 'xx-Ililapa', 417),
(1933, 'xx-Nuhalata', 417),
(1934, 'Lopuloho', 418),
(1935, 'Malahara', 418),
(1936, 'Muapitine', 418),
(1937, 'Pehefito', 418),
(1938, 'Vailoro', 418),
(1939, 'Buanomar', 419),
(1940, 'Etanisi', 419),
(1941, 'Ouroma', 419),
(1942, 'Dalari', 420),
(1943, 'Jefaliu', 420),
(1944, 'Borugae', 421),
(1945, 'Boruvali', 421),
(1946, 'Oneraba', 421),
(1947, 'Afaia', 422),
(1948, 'Sarelari', 422),
(1949, 'Ussufassu', 422),
(1950, 'Abere', 1),
(1951, 'Hailarino', 1),
(1952, 'Alahira', 1),
(1953, 'Amahira', 1),
(1954, 'Vatalarino', 1),
(1955, 'Afanami', 423),
(1956, 'Iuto', 423),
(1957, 'Luturo', 423),
(1958, 'Soba', 423),
(1959, 'Tchailoro', 424),
(1960, 'Ioro', 424),
(1961, 'Pitileti', 424),
(1962, 'Vero', 424),
(1963, 'Loiquero', 425),
(1964, 'Porlamano', 425),
(1965, 'Poros', 425),
(1966, 'Fora de Timor', 426),
(1967, 'Oesono', 427),
(1968, 'Mahata', 427),
(1969, '-', 428),
(1970, '-', 429),
(1971, '-', 192),
(1972, 'Halemea', 290),
(1973, '-', 414),
(1974, 'Beilaco', 276),
(1975, 'Terra Santa', 310),
(1976, 'Anin Fuic', 310),
(1977, 'Malelat', 430),
(1978, 'Fatubijae', 105),
(1979, 'Sanane', 427),
(1980, 'Haemnanu', 431),
(1981, 'Leo Dato', 432),
(1982, '-', 389),
(1983, '-', 433),
(1984, '-', 434),
(1985, '-', 6),
(1986, 'Butufalo', 188),
(1987, '-', 435),
(1988, 'Mantelolao', 313),
(1989, '-', 190),
(1990, '-', 138),
(1991, 'Ermori', 145),
(1992, '-', 72),
(1993, '-', 359),
(1994, 'XX-', 353),
(1995, 'Aimeraulo', 436),
(1996, '-', 79),
(1997, '-', 71),
(1998, 'Lacoloro Hoo', 437),
(1999, '-', 24),
(2000, 'Salasa', 279),
(2001, 'Bermoslau', 438),
(2002, 'Gideon', 439),
(2003, '-', 384),
(2004, '-', 232),
(2005, 'Maucola', 287),
(2006, 'Leirema', 440),
(2007, '-', 281),
(2008, 'Leo-Dato', 441),
(2009, '-', 89),
(2010, 'Uma Querec Lor', 86),
(2011, '-', 151),
(2012, '-', 369),
(2013, '-', 321),
(2014, 'Raimean', 442),
(2015, '-', 233),
(2016, '-', 15),
(2017, 'Caicido', 171),
(2018, 'Teca Hudi Laran', 443),
(2019, '20 de Setembro', 444),
(2020, 'Vailana', 445),
(2021, '7 de Dezembro', 446),
(2022, 'Boa Morena', 447),
(2023, '-', 448),
(2024, '-', 104),
(2025, 'Niken', 309),
(2026, 'Lemocari', 449),
(2027, '-', 396),
(2028, '-', 450),
(2029, '-', 451),
(2030, 'Terus Nain', 439),
(2031, '-', 332),
(2032, 'Ueru-Mata', 184),
(2033, '-', 81),
(2034, '-', 193),
(2035, 'Fomento II', 310),
(2036, '-', 99),
(2037, 'Sahan', 452),
(2038, '-', 438),
(2039, 'XX-Naroman B.T.', 310),
(2040, '-', 261),
(2041, '-', 453),
(2042, 'Rai Cuac', 443),
(2043, '-', 87),
(2044, '-', 454),
(2045, '-', 254),
(2046, 'Fatubessi', 9),
(2047, '-', 69),
(2048, 'Macocon', 455),
(2049, '-', 229),
(2050, '-', 387),
(2051, '-', 88),
(2052, 'Ritiluli', 279),
(2053, 'Bairro dos Grilos', 456),
(2054, 'XX-', 300),
(2055, '-', 219),
(2056, '-', 125),
(2057, 'Ililapa', 457),
(2058, 'Bitis', 290),
(2059, 'Tane Timor', 309),
(2060, '-', 211),
(2061, 'Betotasi', 446),
(2062, 'Lemorai', 439),
(2063, '-', 440),
(2064, 'Virgolosa', 439),
(2065, '-', 458),
(2066, '-', 65),
(2067, 'Lau-Ulo', 74),
(2068, '-', 184),
(2069, '-', 187),
(2070, 'Mane Mesac', 310),
(2071, '-', 272),
(2072, 'Dais', 295),
(2073, '4 de Setembro', 314),
(2074, 'Birahu Matan', 459),
(2075, 'Efaca', 449),
(2076, 'Tataeulo', 460),
(2077, '-', 447),
(2078, 'Temporal', 316),
(2079, '-', 209),
(2080, '-', 7),
(2081, 'Aninfuic', 446),
(2082, 'Acadiru Hun', 108),
(2083, '-', 152),
(2084, '-', 283),
(2085, 'Tidibessi', 460),
(2086, '-', 206),
(2087, '-', 120),
(2088, 'Paiol', 443),
(2089, '-', 257),
(2090, '-', 106),
(2091, 'Halic', 287),
(2092, '5 de Outubro', 309),
(2093, 'Cailoi', 136),
(2094, '-', 85),
(2095, '-', 226),
(2096, 'XX-Metin IV', 310),
(2097, '-', 278),
(2098, 'XX-', 352),
(2099, '-', 461),
(2100, '-', 51),
(2101, 'Bemoris', 409),
(2102, '-', 276),
(2103, '-', 98),
(2104, 'Raicoalefa', 13),
(2105, '-', 462),
(2106, '-', 320),
(2107, '-', 305),
(2108, 'Bedic', 463),
(2109, '-', 364),
(2110, 'Tabacolot', 284),
(2111, 'Passabe', 431),
(2112, 'Metin III', 444),
(2113, '-', 258),
(2114, '-', 416),
(2115, 'Care Laran', 443),
(2116, 'Baura Icun', 464),
(2117, 'Mane-Muno', 376),
(2118, '-', 465),
(2119, 'Santa Cruz', 440),
(2120, '-', 466),
(2121, '-', 467),
(2122, '-', 3),
(2123, '-', 34),
(2124, '-', 468),
(2125, '-', 356),
(2126, 'Manleu-Ana', 449),
(2127, 'Toko Baru II', 301),
(2128, '-', 469),
(2129, '-', 427),
(2130, 'Lauraehou', 460),
(2131, '-', 470),
(2132, '-', 247),
(2133, '-', 38),
(2134, 'Tilis', 279),
(2135, '-', 471),
(2136, '-', 337),
(2137, '-', 48),
(2138, 'Bee Dalan', 447),
(2139, '-', 75),
(2140, 'XX-', 296),
(2141, '-', 76),
(2142, '-', 186),
(2143, '-', 338),
(2144, 'Raegoa', 472),
(2145, '-', 135),
(2146, 'Nahaec', 319),
(2147, 'Kuncin', 473),
(2148, '-', 439),
(2149, 'Culuhun', 38),
(2150, '-', 111),
(2151, 'Capela', 474),
(2152, '-', 475),
(2153, '-', 476),
(2154, '-', 445),
(2155, '-', 464),
(2156, '-', 477),
(2157, '-', 252),
(2158, 'Maluro', 445),
(2159, 'Bocolelo', 18),
(2160, '-', 202),
(2161, 'Donfonamo', 473),
(2162, '-', 282),
(2163, '-', 70),
(2164, 'Ue-Kandia', 478),
(2165, '-', 103),
(2166, 'Lica Ubu', 235),
(2167, 'Tradu Cama', 455),
(2168, '-', 225),
(2169, '-', 140),
(2170, '-', 479),
(2171, 'XX-', 299),
(2172, '-', 480),
(2173, 'Matua', 439),
(2174, '-', 481),
(2175, '-', 415),
(2176, '-', 251),
(2177, '-', 248),
(2178, 'Halibur', 447),
(2179, '-', 482),
(2180, '-', 102),
(2181, '-', 25),
(2182, '-', 245),
(2183, '-', 483),
(2184, '-', 274),
(2185, 'Tumin', 96),
(2186, 'Mau-Meta', 484),
(2187, '-', 201),
(2188, '-', 485),
(2189, '-', 486),
(2190, '-', 156),
(2191, 'Aitemua', 487),
(2192, '-', 417),
(2193, 'Alaua', 168),
(2194, '-', 488),
(2195, 'Taradai', 437),
(2196, 'Culu Oan', 464),
(2197, '-', 153),
(2198, 'Lacufoan', 427),
(2199, 'Correio', 443),
(2200, '-', 243),
(2201, '-', 160),
(2202, '-', 489),
(2203, '-', 28),
(2204, 'Avança', 309),
(2205, 'Matanoba', 490),
(2206, '-', 108),
(2207, 'Anartuto', 484),
(2208, '-', 371),
(2209, '-', 411),
(2210, '-', 491),
(2211, '-', 94),
(2212, '-', 41),
(2213, '-', 131),
(2214, '-', 492),
(2215, '-', 163),
(2216, '-', 363),
(2217, 'XX-', 341),
(2218, 'Baleo Quic', 493),
(2219, 'Larino', 183),
(2220, 'Uaro-Ana', 454),
(2221, '-', 494),
(2222, '-', 495),
(2223, 'Otcho-Tchau', 445),
(2224, 'Manukatileten', 496),
(2225, '-', 291),
(2226, '-', 339),
(2227, 'Onu-Laran', 289),
(2228, '-', 426),
(2229, 'Leowalu', 287),
(2230, 'Busado', 295),
(2231, '-', 43),
(2232, 'Biamaraen', 220),
(2233, '-', 403),
(2234, '-', 319),
(2235, 'Hohopu', 436),
(2236, 'Betopu', 440),
(2237, '-', 271),
(2238, '-', 74),
(2239, 'Secar', 266),
(2240, '-', 214),
(2241, '-', 497),
(2242, '-', 194),
(2243, 'XX-Has Laran', 313),
(2244, '-', 63),
(2245, '-', 67),
(2246, '-', 335),
(2247, 'Hatete', 498),
(2248, '-', 328),
(2249, '-', 499),
(2250, 'Metin', 316),
(2251, '-', 449),
(2252, 'Raça', 410),
(2253, '-', 500),
(2254, 'Manulete', 472),
(2255, '-', 424),
(2256, 'Fomento I', 310),
(2257, '-', 501),
(2258, '1 de Setembro', 439),
(2259, '-', 502),
(2260, 'XX-Carau Mate', 302),
(2261, '-', 54),
(2262, 'Assi', 496),
(2263, 'Nanu', 455),
(2264, '-', 410),
(2265, 'Oetfo', 427),
(2266, 'Apirado', 487),
(2267, 'Ruin Naclecar', 309),
(2268, '-', 441),
(2269, '-', 204),
(2270, '-', 503),
(2271, '-', 230),
(2272, '-', 504),
(2273, 'Centro', 315),
(2274, '-', 227),
(2275, 'Hura', 447),
(2276, '-', 263),
(2277, '-', 53),
(2278, '-', 505),
(2279, '-', 58),
(2280, 'Manucate', 434),
(2281, '-', 383),
(2282, '-', 506),
(2283, '-', 308),
(2284, '-', 159),
(2285, '-', 373),
(2286, 'Matai', 293),
(2287, 'XX-', 347),
(2288, '-', 136),
(2289, 'Kairia', 496),
(2290, '-', 507),
(2291, '-', 256),
(2292, 'Lebumeo', 490),
(2293, '-', 368),
(2294, 'Tubarai', 316),
(2295, 'Lialailesso', 171),
(2296, '-', 82),
(2297, 'Cailoi', 130),
(2298, '-', 413),
(2299, '-', 9),
(2300, '-', 325),
(2301, '-', 240),
(2302, 'Arlo', 508),
(2303, 'Culau Laletec', 505),
(2304, '-', 324),
(2305, '-', 509),
(2306, '-', 105);
INSERT INTO `parentregistrationapp_village` (`id`, `name`, `suco_id`) VALUES
(2307, '-', 292),
(2308, '-', 460),
(2309, '-', 386),
(2310, 'Maquer', 508),
(2311, '-', 455),
(2312, 'Malboro/Maliqueo', 505),
(2313, 'XX-Lemocari', 310),
(2314, '-', 443),
(2315, '-', 510),
(2316, 'Buburlau', 305),
(2317, '12 de Novembro', 314),
(2318, '-', 511),
(2319, 'Bedois', 443),
(2320, 'Noerem', 438),
(2321, 'Simohei', 436),
(2322, '-', 212),
(2323, 'Ermequi', 473),
(2324, 'Ilicnamo', 454),
(2325, '-', 402),
(2326, 'Buareca', 450),
(2327, '-', 409),
(2328, 'Rileu', 31),
(2329, 'Ulusu', 129),
(2330, 'Lemorana', 319),
(2331, 'XX-', 350),
(2332, 'Ramelau', 449),
(2333, 'XX-', 512),
(2334, 'Lebutun', 313),
(2335, '-', 361),
(2336, '-', 330),
(2337, 'Fau-Laran', 289),
(2338, '-', 8),
(2339, 'Sari', 513),
(2340, '-', 262),
(2341, 'Ili-Timur', 484),
(2342, 'Ermeta', 376),
(2343, '-', 68),
(2344, '-', 52),
(2345, '20 de Setembro', 310),
(2346, 'Fatuc Francisco', 305),
(2347, '-', 331),
(2348, '-', 487),
(2349, 'Mane Mesac', 449),
(2350, '-', 315),
(2351, 'Horolata', 445),
(2352, '-', 173),
(2353, '-', 273),
(2354, '-', 116),
(2355, '-', 284),
(2356, 'Terminal', 305),
(2357, '-', 316),
(2358, '-', 141),
(2359, 'Aldeia Vila', 332),
(2360, '-', 155),
(2361, 'Numbrihati', 380),
(2362, '-', 381),
(2363, 'Basana', 464),
(2364, '-', 259),
(2365, '-', 376),
(2366, '-', 170),
(2367, '-', 431),
(2368, '-', 241),
(2369, 'Titilari', 445),
(2370, '-', 379),
(2371, 'Lebuhei', 379),
(2372, '-', 4),
(2373, 'Laquiama', 465),
(2374, '-', 290),
(2375, 'Riatoni', 496),
(2376, '-', 267),
(2377, '-', 157),
(2378, 'Tahobote', 363),
(2379, 'Tasmasac', 268),
(2380, '-', 260),
(2381, 'Hatunaun', 70),
(2382, '-', 514),
(2383, '-', 404),
(2384, 'Sidole', 13),
(2385, 'Halibur', 62),
(2386, '-', 398),
(2387, 'XX-Manularan', 313),
(2388, '-', 515),
(2389, '-', 177),
(2390, '-', 134),
(2391, 'Ribeira Maloa', 309),
(2392, '-', 62),
(2393, 'Macelihu', 516),
(2394, '-', 517),
(2395, '-', 307),
(2396, 'Taci', 469),
(2397, 'Hatlaitete', 442),
(2398, '-', 518),
(2399, 'XX-Mauc', 310),
(2400, '-', 236),
(2401, 'Besahe', 459),
(2402, '-', 91),
(2403, '-', 293),
(2404, 'Leobraudu', 13),
(2405, '-', 287),
(2406, 'Aidac Bihare', 305),
(2407, 'Audian', 314),
(2408, '-', 161),
(2409, 'Leo-Hat', 87),
(2410, '-', 513),
(2411, '-', 113),
(2412, '-', 314),
(2413, 'Bairo Central', 456),
(2414, 'Badiac', 449),
(2415, 'Laulema', 442),
(2416, '-', 124),
(2417, 'Cuccara', 498),
(2418, '-', 463),
(2419, 'Aculaca', 262),
(2420, '-', 270),
(2421, '-', 336),
(2422, '-', 519),
(2423, 'Lugulaulau', 498),
(2424, 'Teuro', 472),
(2425, 'XX-', 343),
(2426, 'Grotu', 494),
(2427, '-', 39),
(2428, '25 de Abril', 314),
(2429, '-', 97),
(2430, 'Metin II', 444),
(2431, 'Rai Mean', 316),
(2432, '-', 277),
(2433, 'Dasilelo', 27),
(2434, '-', 520),
(2435, '-', 147),
(2436, 'Hatu', 294),
(2437, '-', 521),
(2438, '-', 21),
(2439, '-', 5),
(2440, 'Hotino', 334),
(2441, '-', 522),
(2442, 'Gomes Araujo', 443),
(2443, 'Mane Quic', 493),
(2444, 'Caisoru', 494),
(2445, '-', 244),
(2446, 'Secar', 267),
(2447, '-', 10),
(2448, '-', 375),
(2449, 'Bibiatan', 287),
(2450, 'Rai Nain', 467),
(2451, 'Aubaca', 172),
(2452, '-', 29),
(2453, '-', 523),
(2454, '-', 268),
(2455, 'Buca Fini', 309),
(2456, 'Berau', 484),
(2457, 'Bita-Ba', 309),
(2458, 'Cletrema', 472),
(2459, '-', 524),
(2460, '-', 525),
(2461, 'São Francisco', 490),
(2462, '-', 42),
(2463, '-', 329),
(2464, '-', 78),
(2465, '-', 90),
(2466, 'Haupu', 496),
(2467, '-', 221),
(2468, 'Baheda', 314),
(2469, '-', 17),
(2470, '-', 526),
(2471, '-', 527),
(2472, 'Anapal', 245),
(2473, '-', 210),
(2474, 'XX-', 528),
(2475, 'Weberec', 37),
(2476, '-', 437),
(2477, '-', 207),
(2478, '-', 222),
(2479, 'Terlau', 376),
(2480, 'Pelet', 279),
(2481, '-', 313),
(2482, 'Aimutin', 310),
(2483, '-', 310),
(2484, '-', 181),
(2485, 'Festau', 180),
(2486, 'Uaibuitai', 162),
(2487, 'Tohumeta', 17),
(2488, 'Liarafa', 423),
(2489, '-', 59),
(2490, '-', 220),
(2491, 'Maunaben', 103),
(2492, 'Beto Leste', 446),
(2493, '-', 26),
(2494, 'xx-Sahan', 313),
(2495, 'Purogoa', 327),
(2496, '-', 360),
(2497, 'Lolowa', 295),
(2498, 'Ila', 295),
(2499, '-', 191),
(2500, '-', 493),
(2501, 'Hospital Militar', 443),
(2502, 'Rai-Rema', 515),
(2503, '-', 66),
(2504, '-', 355),
(2505, 'Coli Dassi', 432),
(2506, '-', 36),
(2507, 'Assulau Hautete', 490),
(2508, '-', 100),
(2509, '-', 249),
(2510, '-', 478),
(2511, 'Mate Moris', 439),
(2512, 'Fatumane', 13),
(2513, 'Tchailoro', 410),
(2514, 'Tata', 440),
(2515, 'Nonquican', 96),
(2516, '-', 508),
(2517, '-', 228),
(2518, 'Sare', 438),
(2519, '-', 18),
(2520, '-', 529),
(2521, 'Derulo', 450),
(2522, 'Petalara', 514),
(2523, 'Fatu Naba', 319),
(2524, '-', 530),
(2525, '-', 95),
(2526, '-', 531),
(2527, 'Lau-Lora', 449),
(2528, '-', 255),
(2529, 'Gaelema', 460),
(2530, '-', 149),
(2531, 'Galitaz', 464),
(2532, 'Lisbutac', 309),
(2533, '-', 370),
(2534, '-', 326),
(2535, 'Loceneon', 314),
(2536, '-', 340),
(2537, 'Usubemaço', 508),
(2538, '-', 399),
(2539, 'Has Laran', 315),
(2540, 'Ahinarai', 284),
(2541, '-', 474),
(2542, 'Bayaleste', 310),
(2543, '-', 382),
(2544, '-', 498),
(2545, '-', 118),
(2546, '-', 397),
(2547, '-', 422),
(2548, '-', 127),
(2549, '-', 473),
(2550, 'Osso-Ua', 171),
(2551, '-', 532),
(2552, '-', 365),
(2553, 'Duhoho', 496),
(2554, '-', 430),
(2555, '-', 185),
(2556, 'Raimate', 438),
(2557, 'Lutlala', 496),
(2558, '-', 533),
(2559, '-', 407),
(2560, 'Fatubolo', 487),
(2561, '-', 167),
(2562, '-', 534),
(2563, 'Uma Querec Leten', 86),
(2564, 'Caiturloa', 442),
(2565, '-', 535),
(2566, '-', 418),
(2567, '-', 142),
(2568, 'Uatodere', 437),
(2569, '-', 117),
(2570, '-', 536),
(2571, 'Sabagulau', 140),
(2572, 'Mota Ulun', 302),
(2573, 'Lequitura', 515),
(2574, 'Loron Matan B. T.', 446),
(2575, '-', 1),
(2576, 'Dosmagar', 442),
(2577, '-', 148),
(2578, 'Oe-Onu', 478),
(2579, '-', 231),
(2580, '-', 302),
(2581, '-', 215),
(2582, '-', 537),
(2583, '-', 137),
(2584, '-', 377),
(2585, '-', 425),
(2586, 'XX-', 344),
(2587, 'Manularan', 459),
(2588, '-', 538),
(2589, 'Has Laran', 459),
(2590, 'Nuhalata', 457),
(2591, 'Culuhun de Baixo', 463),
(2592, 'Romit', 302),
(2593, '-', 208),
(2594, '-', 294),
(2595, 'Casmuto', 469),
(2596, '-', 22),
(2597, '-', 309),
(2598, 'Aihatadiu', 434),
(2599, 'Hatu-Ruin', 480),
(2600, '-', 303),
(2601, '-', 93),
(2602, '-', 60),
(2603, '-', 539),
(2604, '-', 333),
(2605, '-', 92),
(2606, 'Mau-Soi', 377),
(2607, 'Tetsari', 376),
(2608, 'Builo', 450),
(2609, '-', 20),
(2610, '-', 358),
(2611, '-', 31),
(2612, 'Hautefo', 95),
(2613, '-', 143),
(2614, '-', 203),
(2615, '-', 459),
(2616, '-', 197),
(2617, 'Licore', 84),
(2618, '-', 472),
(2619, 'Tahu Laran', 318),
(2620, 'Clau Halec', 493),
(2621, 'Besac Oan', 289),
(2622, '7 de Dezembro', 310),
(2623, '-', 540),
(2624, '-', 378),
(2625, '-', 405),
(2626, '-', 541),
(2627, 'Uai-Ae', 215),
(2628, '-', 223),
(2629, '-', 47),
(2630, '-', 73),
(2631, '-', 139),
(2632, '-', 49),
(2633, 'Tabulasi', 13),
(2634, 'Otete', 498),
(2635, '-', 542),
(2636, 'Belulic Craic', 493),
(2637, 'Naetuna', 431),
(2638, 'Sanfuc', 283),
(2639, 'Mundo Perdido', 449),
(2640, '-', 130),
(2641, 'Dirhatilau', 438),
(2642, '-', 412),
(2643, '-', 109),
(2644, '-', 46),
(2645, 'Sare', 316),
(2646, '-', 146),
(2647, '-', 165),
(2648, '-', 253),
(2649, 'Bite', 484),
(2650, 'Quituto', 505),
(2651, '-', 50),
(2652, '-', 133),
(2653, 'Hauleo', 496),
(2654, '-', 317),
(2655, '-', 334),
(2656, 'Fatubeis', 222),
(2657, 'Lutuguia', 450),
(2658, 'XX-Ualae', 215),
(2659, '-', 150),
(2660, '-', 45),
(2661, 'Manuleu', 452),
(2662, 'Hatu Batu', 436),
(2663, '-', 367),
(2664, 'Lebukuku', 14),
(2665, '-', 218),
(2666, '-', 145),
(2667, '-', 55),
(2668, 'Rai-Mean', 452),
(2669, '-', 250),
(2670, 'Bauana', 498),
(2671, '-', 188),
(2672, '-', 490),
(2673, '-', 199),
(2674, '-', 452),
(2675, '-', 286),
(2676, 'Rosario', 446),
(2677, 'Mauc', 449),
(2678, 'xx-Ramelau', 309),
(2679, 'Tchai', 445),
(2680, 'Ainitas Hun', 443),
(2681, 'Meain', 9),
(2682, '-', 32),
(2683, 'Ono-Sere', 469),
(2684, '-', 27),
(2685, '-', 408),
(2686, '-', 543),
(2687, 'XX-', 298),
(2688, 'T. A. T.', 309),
(2689, '-', 112),
(2690, '-', 266),
(2691, '-', 11),
(2692, '-', 179),
(2693, 'Arleu', 494),
(2694, '-', 288),
(2695, '-', 423),
(2696, 'Anin Fuic (Atarac Laran)', 311),
(2697, 'Bedois', 305),
(2698, 'Noeninen', 103),
(2699, '-', 101),
(2700, 'Mau-Laku', 516),
(2701, '-', 196),
(2702, 'Rembor', 80),
(2703, 'Raepusa', 496),
(2704, '-', 311),
(2705, 'Faularan', 13),
(2706, '-', 37),
(2707, '-', 80),
(2708, 'Railuli', 514),
(2709, '-', 544),
(2710, '-', 144),
(2711, '-', 154),
(2712, 'Metin I', 444),
(2713, 'Pala', 454),
(2714, '-', 107),
(2715, '-', 213),
(2716, '-', 401),
(2717, '-', 366),
(2718, 'Soli-Ua', 469),
(2719, '-', 312),
(2720, 'Ilitecaraquia', 529),
(2721, 'Baqui', 104),
(2722, 'Nauner', 376),
(2723, 'Bairro Formosa', 456),
(2724, 'Ilimanu', 529),
(2725, '-', 23),
(2726, '-', 182),
(2727, 'Essirat', 376),
(2728, '-', 420),
(2729, '-', 318),
(2730, '-', 235),
(2731, 'Looque', 284),
(2732, '-', 217),
(2733, '-', 174),
(2734, 'Cai-Ae-Tula', 213),
(2735, 'Benunuc', 313),
(2736, '-', 123),
(2737, '-', 96),
(2738, 'Riamori', 496),
(2739, '-', 444),
(2740, 'Brug-Bou', 441),
(2741, '-', 35),
(2742, '-', 44),
(2743, '-', 289),
(2744, 'Adara', 508),
(2745, '-', 40),
(2746, '-', 234),
(2747, '-', 195),
(2748, '-', 280),
(2749, 'Gazolo', 295),
(2750, 'XX-', 297),
(2751, 'Aituhularan', 3),
(2752, 'Timor Cmanec', 309),
(2753, '-', 122),
(2754, 'XX-Bahadic', 480),
(2755, 'Bahadic', 84),
(2756, '-', 132),
(2757, '-', 545),
(2758, '-', 406),
(2759, 'Quiubiselo', 96),
(2760, 'Aliatu/Atleso', 331),
(2761, '-', 546),
(2762, '-', 164),
(2763, '-', 33),
(2764, '-', 390),
(2765, 'Fatunia', 377),
(2766, 'Lirio', 447),
(2767, 'Taradiga', 437),
(2768, 'Zuwac', 287),
(2769, '-', 166),
(2770, 'Gunutur', 465),
(2771, '-', 200),
(2772, 'Eclae', 529),
(2773, '-', 354),
(2774, 'Lela', 294),
(2775, 'Riheun', 515),
(2776, '-', 393),
(2777, '-', 394),
(2778, '-', 547),
(2779, '-', 61),
(2780, 'XX-', 342),
(2781, 'Manleu-Ana', 309),
(2782, 'Lecidere', 474),
(2783, '-', 114),
(2784, 'Leburema', 494),
(2785, '-', 548),
(2786, '-', 176),
(2787, '-', 110),
(2788, '-', 265),
(2789, 'Macaqui', 437),
(2790, '-', 285),
(2791, '-', 549),
(2792, '-', 205),
(2793, '-', 550),
(2794, 'Tapo/Memo', 267),
(2795, '-', 432),
(2796, 'Poerema', 487),
(2797, 'Webaba', 276),
(2798, '-', 457),
(2799, '-', 400),
(2800, 'Mauberhatan', 473),
(2801, '7 de Dezembro', 314),
(2802, 'Beturia', 437),
(2803, 'Rea-Hatu', 480),
(2804, 'Bela Vista', 443),
(2805, 'Tapo Tas', 242),
(2806, '-', 322),
(2807, 'Wenunuc', 452),
(2808, '-', 237),
(2809, '-', 183),
(2810, '-', 158),
(2811, 'Dato Rae', 432),
(2812, 'XX-', 349),
(2813, '-', 121),
(2814, 'XX-', 348),
(2815, '-', 327),
(2816, 'Rebutik Geong', 69),
(2817, 'Fatumeta', 309),
(2818, '-', 456),
(2819, 'Fatulela', 516),
(2820, 'Ervilhat', 513),
(2821, '-', 279),
(2822, '-', 189),
(2823, 'Ailili', 81),
(2824, '-', 162),
(2825, '-', 64),
(2826, 'XX-', 346),
(2827, '-', 83),
(2828, '-', 391),
(2829, '-', 388),
(2830, '-', 484),
(2831, '-', 442),
(2832, '-', 129),
(2833, 'Hatupae', 465),
(2834, '-', 119),
(2835, '-', 56),
(2836, '-', 239),
(2837, 'Casnafar', 319),
(2838, '-', 362),
(2839, '-', 380),
(2840, 'Quelae', 15),
(2841, '-', 168),
(2842, 'Manu Fuic', 467),
(2843, 'Moris Ba Dame', 309),
(2844, '-', 171),
(2845, '-', 295),
(2846, '-', 419),
(2847, 'Rio de Janeiro', 309),
(2848, '-', 275),
(2849, 'Sabsoi', 490),
(2850, '-', 301),
(2851, 'Caisabe', 305),
(2852, '-', 16),
(2853, '-', 551),
(2854, '-', 323),
(2855, '-', 12),
(2856, 'Rosario', 310),
(2857, '-', 180),
(2858, 'We Dalac', 309),
(2859, '-', 392),
(2860, 'Licore', 480),
(2861, '-', 421),
(2862, '-', 126),
(2863, 'Fuslam', 309),
(2864, '-', 216),
(2865, 'Naumanaro', 460),
(2866, 'Macausa', 437),
(2867, 'Darlau', 302),
(2868, 'Hatupae', 460),
(2869, 'XX-', 345),
(2870, 'Ai-Taman', 289),
(2871, '-', 516),
(2872, '-', 269),
(2873, '-', 552),
(2874, '-', 553),
(2875, 'Acadiru Laran', 312),
(2876, 'Lases', 305),
(2877, 'Nona Bite', 513),
(2878, '-', 554),
(2879, 'Namalai', 305),
(2880, 'Manuhatu', 442),
(2881, 'Parlamento', 171),
(2882, '-', 555),
(2883, 'Suhu Rama', 316),
(2884, 'Badiac', 310),
(2885, '-', 374),
(2886, '-', 372),
(2887, 'Hatuhou', 496),
(2888, 'Peregrinação', 490),
(2889, 'Becoe', 316),
(2890, 'Naumata', 22),
(2891, '-', 198),
(2892, 'Nu\'u Badac', 463),
(2893, 'Lourba', 231),
(2894, 'Haburas', 309),
(2895, '-', 224),
(2896, 'Carau Mate', 505),
(2897, 'Beturema', 496),
(2898, '-', 172),
(2899, 'Abo Cairedo', 197),
(2900, '-', 385),
(2901, 'Ilat', 330),
(2902, 'Metin IV', 444),
(2903, 'Mate Restu', 439),
(2904, '-', 57),
(2905, 'Poelete', 438),
(2906, 'Hauboni', 101),
(2907, '-', 242),
(2908, 'XX-Mundo Perdido', 309),
(2909, 'Terra Santa', 446),
(2910, 'Halic Nai', 455),
(2911, 'Haitupuca', 457),
(2912, '-', 306),
(2913, 'Hutumanuc', 72),
(2914, 'Naroman B.T.', 446),
(2915, 'Hau-Hei', 434),
(2916, '-', 395),
(2917, '-', 556),
(2918, 'Mota Ulun', 443),
(2919, '-', 246),
(2920, '-', 264),
(2921, 'Manuleu', 313),
(2922, 'Fuguira/Bauloc', 319),
(2923, '-', 446),
(2924, '-', 115),
(2925, 'Ilidua Douro', 454),
(2926, '-', 557),
(2927, '-', 436),
(2928, '-', 128),
(2929, '-', 14),
(2930, 'Lisbutac', 449),
(2931, 'My Friend', 315),
(2932, '-', 178),
(2933, 'Haoufe', 94),
(2934, 'Nopen', 439),
(2935, '-', 13),
(2936, 'Ulas', 101),
(2937, '-', 496),
(2938, 'Aimeta Laran', 62),
(2939, '-', 19),
(2940, '-', 169),
(2941, '-', 175),
(2942, '-', 30),
(2943, 'XX-', 351),
(2944, '-', 304),
(2945, 'Somo Kanua', 279),
(2946, '-', 238),
(2947, '-', 84),
(2948, '-', 77),
(2949, '-', 86),
(2950, '-', 357);

--
-- Indexes for dumped tables
--

--
-- Indexes for table `auth_group`
--
ALTER TABLE `auth_group`
  ADD PRIMARY KEY (`id`),
  ADD UNIQUE KEY `name` (`name`);

--
-- Indexes for table `auth_group_permissions`
--
ALTER TABLE `auth_group_permissions`
  ADD PRIMARY KEY (`id`),
  ADD UNIQUE KEY `auth_group_permissions_group_id_permission_id_0cd325b0_uniq` (`group_id`,`permission_id`),
  ADD KEY `auth_group_permissio_permission_id_84c5c92e_fk_auth_perm` (`permission_id`);

--
-- Indexes for table `auth_permission`
--
ALTER TABLE `auth_permission`
  ADD PRIMARY KEY (`id`),
  ADD UNIQUE KEY `auth_permission_content_type_id_codename_01ab375a_uniq` (`content_type_id`,`codename`);

--
-- Indexes for table `auth_user`
--
ALTER TABLE `auth_user`
  ADD PRIMARY KEY (`id`),
  ADD UNIQUE KEY `username` (`username`);

--
-- Indexes for table `auth_user_groups`
--
ALTER TABLE `auth_user_groups`
  ADD PRIMARY KEY (`id`),
  ADD UNIQUE KEY `auth_user_groups_user_id_group_id_94350c0c_uniq` (`user_id`,`group_id`),
  ADD KEY `auth_user_groups_group_id_97559544_fk_auth_group_id` (`group_id`);

--
-- Indexes for table `auth_user_user_permissions`
--
ALTER TABLE `auth_user_user_permissions`
  ADD PRIMARY KEY (`id`),
  ADD UNIQUE KEY `auth_user_user_permissions_user_id_permission_id_14a6b632_uniq` (`user_id`,`permission_id`),
  ADD KEY `auth_user_user_permi_permission_id_1fbb5f2c_fk_auth_perm` (`permission_id`);

--
-- Indexes for table `django_admin_log`
--
ALTER TABLE `django_admin_log`
  ADD PRIMARY KEY (`id`),
  ADD KEY `django_admin_log_content_type_id_c4bce8eb_fk_django_co` (`content_type_id`),
  ADD KEY `django_admin_log_user_id_c564eba6_fk_auth_user_id` (`user_id`);

--
-- Indexes for table `django_content_type`
--
ALTER TABLE `django_content_type`
  ADD PRIMARY KEY (`id`),
  ADD UNIQUE KEY `django_content_type_app_label_model_76bd3d3b_uniq` (`app_label`,`model`);

--
-- Indexes for table `django_migrations`
--
ALTER TABLE `django_migrations`
  ADD PRIMARY KEY (`id`);

--
-- Indexes for table `django_session`
--
ALTER TABLE `django_session`
  ADD PRIMARY KEY (`session_key`),
  ADD KEY `django_session_expire_date_a5c62663` (`expire_date`);

--
-- Indexes for table `parentregistrationapp_administrativepost`
--
ALTER TABLE `parentregistrationapp_administrativepost`
  ADD PRIMARY KEY (`id`),
  ADD KEY `parentregistrationAp_municipality_id_c584cce0_fk_parentreg` (`municipality_id`);

--
-- Indexes for table `parentregistrationapp_municipality`
--
ALTER TABLE `parentregistrationapp_municipality`
  ADD PRIMARY KEY (`id`);

--
-- Indexes for table `parentregistrationapp_parent`
--
ALTER TABLE `parentregistrationapp_parent`
  ADD PRIMARY KEY (`id`),
  ADD UNIQUE KEY `user_id` (`user_id`),
  ADD KEY `parentregistrationAp_suco_id_a0e263ef_fk_parentreg` (`suco_id`),
  ADD KEY `parentregistrationAp_village_id_7b0b7226_fk_parentreg` (`village_id`),
  ADD KEY `parentregistrationAp_administrative_post__b7b0c7ec_fk_parentreg` (`administrative_post_id`),
  ADD KEY `parentregistrationAp_municipality_id_9847a07d_fk_parentreg` (`municipality_id`);

--
-- Indexes for table `parentregistrationapp_parentcode`
--
ALTER TABLE `parentregistrationapp_parentcode`
  ADD PRIMARY KEY (`id`),
  ADD UNIQUE KEY `code` (`code`),
  ADD UNIQUE KEY `parent_id` (`parent_id`);

--
-- Indexes for table `parentregistrationapp_student`
--
ALTER TABLE `parentregistrationapp_student`
  ADD PRIMARY KEY (`id`),
  ADD KEY `parentregistrationAp_parent_id_957619bf_fk_parentreg` (`parent_id`);

--
-- Indexes for table `parentregistrationapp_studentactivitylog`
--
ALTER TABLE `parentregistrationapp_studentactivitylog`
  ADD PRIMARY KEY (`id`),
  ADD KEY `parentregistrationAp_student_id_55396d6b_fk_parentreg` (`student_id`);

--
-- Indexes for table `parentregistrationapp_studentcode`
--
ALTER TABLE `parentregistrationapp_studentcode`
  ADD PRIMARY KEY (`id`),
  ADD UNIQUE KEY `code` (`code`),
  ADD UNIQUE KEY `student_id` (`student_id`);

--
-- Indexes for table `parentregistrationapp_suco`
--
ALTER TABLE `parentregistrationapp_suco`
  ADD PRIMARY KEY (`id`),
  ADD KEY `parentregistrationAp_posto_id_5609a5ba_fk_parentreg` (`posto_id`);

--
-- Indexes for table `parentregistrationapp_village`
--
ALTER TABLE `parentregistrationapp_village`
  ADD PRIMARY KEY (`id`),
  ADD KEY `parentregistrationAp_suco_id_2b594f06_fk_parentreg` (`suco_id`);

--
-- AUTO_INCREMENT for dumped tables
--

--
-- AUTO_INCREMENT for table `auth_group`
--
ALTER TABLE `auth_group`
  MODIFY `id` int(11) NOT NULL AUTO_INCREMENT, AUTO_INCREMENT=5;

--
-- AUTO_INCREMENT for table `auth_group_permissions`
--
ALTER TABLE `auth_group_permissions`
  MODIFY `id` bigint(20) NOT NULL AUTO_INCREMENT;

--
-- AUTO_INCREMENT for table `auth_permission`
--
ALTER TABLE `auth_permission`
  MODIFY `id` int(11) NOT NULL AUTO_INCREMENT, AUTO_INCREMENT=61;

--
-- AUTO_INCREMENT for table `auth_user`
--
ALTER TABLE `auth_user`
  MODIFY `id` int(11) NOT NULL AUTO_INCREMENT, AUTO_INCREMENT=51;

--
-- AUTO_INCREMENT for table `auth_user_groups`
--
ALTER TABLE `auth_user_groups`
  MODIFY `id` bigint(20) NOT NULL AUTO_INCREMENT, AUTO_INCREMENT=11;

--
-- AUTO_INCREMENT for table `auth_user_user_permissions`
--
ALTER TABLE `auth_user_user_permissions`
  MODIFY `id` bigint(20) NOT NULL AUTO_INCREMENT;

--
-- AUTO_INCREMENT for table `django_admin_log`
--
ALTER TABLE `django_admin_log`
  MODIFY `id` int(11) NOT NULL AUTO_INCREMENT, AUTO_INCREMENT=8;

--
-- AUTO_INCREMENT for table `django_content_type`
--
ALTER TABLE `django_content_type`
  MODIFY `id` int(11) NOT NULL AUTO_INCREMENT, AUTO_INCREMENT=16;

--
-- AUTO_INCREMENT for table `django_migrations`
--
ALTER TABLE `django_migrations`
  MODIFY `id` bigint(20) NOT NULL AUTO_INCREMENT, AUTO_INCREMENT=20;

--
-- AUTO_INCREMENT for table `parentregistrationapp_administrativepost`
--
ALTER TABLE `parentregistrationapp_administrativepost`
  MODIFY `id` bigint(20) NOT NULL AUTO_INCREMENT, AUTO_INCREMENT=86;

--
-- AUTO_INCREMENT for table `parentregistrationapp_municipality`
--
ALTER TABLE `parentregistrationapp_municipality`
  MODIFY `id` bigint(20) NOT NULL AUTO_INCREMENT, AUTO_INCREMENT=18;

--
-- AUTO_INCREMENT for table `parentregistrationapp_parent`
--
ALTER TABLE `parentregistrationapp_parent`
  MODIFY `id` bigint(20) NOT NULL AUTO_INCREMENT, AUTO_INCREMENT=51;

--
-- AUTO_INCREMENT for table `parentregistrationapp_parentcode`
--
ALTER TABLE `parentregistrationapp_parentcode`
  MODIFY `id` bigint(20) NOT NULL AUTO_INCREMENT, AUTO_INCREMENT=51;

--
-- AUTO_INCREMENT for table `parentregistrationapp_student`
--
ALTER TABLE `parentregistrationapp_student`
  MODIFY `id` bigint(20) NOT NULL AUTO_INCREMENT, AUTO_INCREMENT=29;

--
-- AUTO_INCREMENT for table `parentregistrationapp_studentactivitylog`
--
ALTER TABLE `parentregistrationapp_studentactivitylog`
  MODIFY `id` bigint(20) NOT NULL AUTO_INCREMENT;

--
-- AUTO_INCREMENT for table `parentregistrationapp_studentcode`
--
ALTER TABLE `parentregistrationapp_studentcode`
  MODIFY `id` bigint(20) NOT NULL AUTO_INCREMENT, AUTO_INCREMENT=29;

--
-- AUTO_INCREMENT for table `parentregistrationapp_suco`
--
ALTER TABLE `parentregistrationapp_suco`
  MODIFY `id` bigint(20) NOT NULL AUTO_INCREMENT, AUTO_INCREMENT=558;

--
-- AUTO_INCREMENT for table `parentregistrationapp_village`
--
ALTER TABLE `parentregistrationapp_village`
  MODIFY `id` bigint(20) NOT NULL AUTO_INCREMENT, AUTO_INCREMENT=2951;

--
-- Constraints for dumped tables
--

--
-- Constraints for table `auth_group_permissions`
--
ALTER TABLE `auth_group_permissions`
  ADD CONSTRAINT `auth_group_permissio_permission_id_84c5c92e_fk_auth_perm` FOREIGN KEY (`permission_id`) REFERENCES `auth_permission` (`id`),
  ADD CONSTRAINT `auth_group_permissions_group_id_b120cbf9_fk_auth_group_id` FOREIGN KEY (`group_id`) REFERENCES `auth_group` (`id`);

--
-- Constraints for table `auth_permission`
--
ALTER TABLE `auth_permission`
  ADD CONSTRAINT `auth_permission_content_type_id_2f476e4b_fk_django_co` FOREIGN KEY (`content_type_id`) REFERENCES `django_content_type` (`id`);

--
-- Constraints for table `auth_user_groups`
--
ALTER TABLE `auth_user_groups`
  ADD CONSTRAINT `auth_user_groups_group_id_97559544_fk_auth_group_id` FOREIGN KEY (`group_id`) REFERENCES `auth_group` (`id`),
  ADD CONSTRAINT `auth_user_groups_user_id_6a12ed8b_fk_auth_user_id` FOREIGN KEY (`user_id`) REFERENCES `auth_user` (`id`);

--
-- Constraints for table `auth_user_user_permissions`
--
ALTER TABLE `auth_user_user_permissions`
  ADD CONSTRAINT `auth_user_user_permi_permission_id_1fbb5f2c_fk_auth_perm` FOREIGN KEY (`permission_id`) REFERENCES `auth_permission` (`id`),
  ADD CONSTRAINT `auth_user_user_permissions_user_id_a95ead1b_fk_auth_user_id` FOREIGN KEY (`user_id`) REFERENCES `auth_user` (`id`);

--
-- Constraints for table `django_admin_log`
--
ALTER TABLE `django_admin_log`
  ADD CONSTRAINT `django_admin_log_content_type_id_c4bce8eb_fk_django_co` FOREIGN KEY (`content_type_id`) REFERENCES `django_content_type` (`id`),
  ADD CONSTRAINT `django_admin_log_user_id_c564eba6_fk_auth_user_id` FOREIGN KEY (`user_id`) REFERENCES `auth_user` (`id`);

--
-- Constraints for table `parentregistrationapp_administrativepost`
--
ALTER TABLE `parentregistrationapp_administrativepost`
  ADD CONSTRAINT `parentregistrationAp_municipality_id_c584cce0_fk_parentreg` FOREIGN KEY (`municipality_id`) REFERENCES `parentregistrationapp_municipality` (`id`);

--
-- Constraints for table `parentregistrationapp_parent`
--
ALTER TABLE `parentregistrationapp_parent`
  ADD CONSTRAINT `parentregistrationAp_administrative_post__b7b0c7ec_fk_parentreg` FOREIGN KEY (`administrative_post_id`) REFERENCES `parentregistrationapp_administrativepost` (`id`),
  ADD CONSTRAINT `parentregistrationAp_municipality_id_9847a07d_fk_parentreg` FOREIGN KEY (`municipality_id`) REFERENCES `parentregistrationapp_municipality` (`id`),
  ADD CONSTRAINT `parentregistrationAp_suco_id_a0e263ef_fk_parentreg` FOREIGN KEY (`suco_id`) REFERENCES `parentregistrationapp_suco` (`id`),
  ADD CONSTRAINT `parentregistrationAp_village_id_7b0b7226_fk_parentreg` FOREIGN KEY (`village_id`) REFERENCES `parentregistrationapp_village` (`id`),
  ADD CONSTRAINT `parentregistrationApp_parent_user_id_6330a70c_fk_auth_user_id` FOREIGN KEY (`user_id`) REFERENCES `auth_user` (`id`);

--
-- Constraints for table `parentregistrationapp_parentcode`
--
ALTER TABLE `parentregistrationapp_parentcode`
  ADD CONSTRAINT `parentregistrationAp_parent_id_80af4518_fk_parentreg` FOREIGN KEY (`parent_id`) REFERENCES `parentregistrationapp_parent` (`id`);

--
-- Constraints for table `parentregistrationapp_student`
--
ALTER TABLE `parentregistrationapp_student`
  ADD CONSTRAINT `parentregistrationAp_parent_id_957619bf_fk_parentreg` FOREIGN KEY (`parent_id`) REFERENCES `parentregistrationapp_parent` (`id`);

--
-- Constraints for table `parentregistrationapp_studentactivitylog`
--
ALTER TABLE `parentregistrationapp_studentactivitylog`
  ADD CONSTRAINT `parentregistrationAp_student_id_55396d6b_fk_parentreg` FOREIGN KEY (`student_id`) REFERENCES `parentregistrationapp_student` (`id`);

--
-- Constraints for table `parentregistrationapp_studentcode`
--
ALTER TABLE `parentregistrationapp_studentcode`
  ADD CONSTRAINT `parentregistrationAp_student_id_94661fa7_fk_parentreg` FOREIGN KEY (`student_id`) REFERENCES `parentregistrationapp_student` (`id`);

--
-- Constraints for table `parentregistrationapp_suco`
--
ALTER TABLE `parentregistrationapp_suco`
  ADD CONSTRAINT `parentregistrationAp_posto_id_5609a5ba_fk_parentreg` FOREIGN KEY (`posto_id`) REFERENCES `parentregistrationapp_administrativepost` (`id`);

--
-- Constraints for table `parentregistrationapp_village`
--
ALTER TABLE `parentregistrationapp_village`
  ADD CONSTRAINT `parentregistrationAp_suco_id_2b594f06_fk_parentreg` FOREIGN KEY (`suco_id`) REFERENCES `parentregistrationapp_suco` (`id`);
COMMIT;

/*!40101 SET CHARACTER_SET_CLIENT=@OLD_CHARACTER_SET_CLIENT */;
/*!40101 SET CHARACTER_SET_RESULTS=@OLD_CHARACTER_SET_RESULTS */;
/*!40101 SET COLLATION_CONNECTION=@OLD_COLLATION_CONNECTION */;
